"id_paper","journal"
1,"meltdownattack.com"
4,"GTE Laboratories Incorporated"
5,"GTE Laboratories Incorporated"
6,"GTE Laboratories Incorporated"
7,"GTE Laboratories Incorporated"
8,"GTE Laboratories Incorporated"
9,"GTE Laboratories Incorporated"
10,"GTE Laboratories Incorporated"
11,"GTE Laboratories Incorporated"
12,"GTE Laboratories Incorporated"
13,"GTE Laboratories Incorporated"
14,"GTE Laboratories Incorporated"
15,"GTE Laboratories Incorporated"
16,"University of California at Berkeley"
17,"ANSI X3H2"
18,"ANSI X2H2"
19,"ANSI X3H2"
20,"ANSI X3H2"
21,"ANSI X3H2"
22,"IWBS Report"
23,"LILOG-Report"
24,"LILOG-Report"
25,"LILOG-Report"
26,"IWBS Report"
27,"LILOG-Memo"
28,"LILOG-Report"
29,"LILOG-Report"
30,"LILOG-Memo"
31,"LILOG-Report"
32,"LILOG-Report"
33,"IWBS Report"
34,"IBM Publication"
35,"IWBS Report"
36,"LILOG-Report"
37,"IWBS Report"
38,"IWBS Report"
39,"IWBS Report"
40,"IWBS Report"
41,"LILOG-Report"
42,"IWBS Report"
43,"IWBS Report"
44,"IWBS Report"
45,"IWBS Report"
46,"LILOG-Report"
47,"IWBS Report"
48,"IWBS Report"
49,"LILOG-Report"
50,"IWBS Report"
51,"IWBS Report"
52,"IWBS Report"
53,"IWBS Report"
54,"LILOG-Report"
55,"IWBS Report"
56,"IWBS Report"
57,"LILOG-Memo"
58,"IWBS Report"
59,"LILOG-Memo"
60,"LILOG-Report"
61,"LILOG-Report"
62,"IWBS Report"
63,"IWBS Report"
64,"IWBS Report"
65,"IWBS Report"
66,"IWBS Report"
67,"LILOG-Report"
68,"IWBS Report"
69,"LILOG-Report"
70,"IWBS Report"
71,"IWBS Report"
72,"IWBS Report"
73,"IWBS Report"
74,"IWBS Report"
75,"IWBS Report"
76,"LILOG-Report"
77,"IWBS Report"
78,"IWBS Report"
79,"LILOG-Report"
80,"IWBS Report"
81,"LILOG-Report"
82,"Research Report / RJ / IBM / San Jose, California"
83,"LILOG-Report"
84,"LILOG-Report"
85,"IWBS Report"
86,"IWBS Report"
87,"IWBS Report"
88,"LILOG-Report"
89,"IWBS Report"
90,"LILOG-Report"
91,"IWBS Report"
92,"IWBS Report"
93,"IWBS Report"
94,"IWBS Report"
95,"IWBS Report"
96,"IWBS Report"
97,"IWBS Report"
98,"LILOG-Report"
99,"IWBS Report"
100,"IWBS Report"
101,"IWBS Report"
102,"IWBS Report"
103,"IWBS Report"
104,"IWBS Report"
105,"Research Report / RJ / IBM / San Jose, California"
106,"IWBS Report"
107,"IWBS Report"
108,"IWBS Report"
109,"IWBS Report"
110,"IWBS Report"
111,"IWBS Report"
112,"IWBS Report"
113,"IWBS Report"
114,"LILOG-Report"
115,"LILOG-Memo"
116,"IWBS Report"
117,"IWBS Report"
118,"IWBS Report"
119,"LILOG-Memo"
120,"IWBS Report"
121,"LILOG-Report"
122,"IWBS Report"
123,"IWBS Report"
124,"IWBS Report"
125,"IWBS Report"
126,"Research Report / RJ / IBM / San Jose, California"
127,"IWBS Report"
128,"IWBS Report"
129,"LILOG-Memo"
130,"IWBS Report"
131,"IWBS Report"
132,"IWBS Report"
133,"IWBS Report"
134,"LILOG-Report"
135,"IWBS Report"
136,"IWBS Report"
137,"IWBS Report"
138,"Research Report / RJ / IBM / San Jose, California"
139,"IWBS Report"
140,"LILOG-Report"
141,"LILOG-Memo"
142,"IWBS Report"
143,"IWBS Report"
144,"LILOG-Report"
145,"LILOG-Report"
146,"IWBS Report"
147,"IWBS Report"
148,"IWBS Report"
149,"IWBS Report"
150,"IWBS Report"
151,"LILOG-Report"
152,"LILOG-Report"
153,"IWBS Report"
154,"IWBS Report"
155,"IWBS Report"
156,"Research Report / RJ / IBM / San Jose, California"
157,"IWBS Report"
158,"IWBS Report"
159,"IWBS Report"
160,"IWBS Report"
161,"IWBS Report"
162,"LILOG-Report"
163,"IWBS Report"
164,"IWBS Report"
165,"IWBS Report"
166,"IWBS Report"
167,"IWBS Report"
168,"IWBS Report"
169,"IWBS Report"
170,"IWBS Report"
171,"LILOG-Report"
172,"LILOG-Memo"
173,"LILOG-Report"
174,"LILOG-Report"
175,"IWBS Report"
176,"IWBS Report"
177,"LILOG-Report"
178,"IWBS Report"
179,"LILOG-Report"
180,"IWBS Report"
181,"IWBS Report"
182,"IWBS Report"
183,"IWBS Report"
184,"IWBS Report"
185,"Research Report / G / IBM / Cambridge Scientific Center"
186,"IWBS Report"
187,"IWBS Report"
188,"IWBS Report"
189,"IWBS Report"
190,"IWBS Report"
191,"IWBS Report"
192,"LILOG-Report"
193,"IBM Publication"
194,"IWBS Report"
195,"LILOG-Report"
196,"IWBS Report"
197,"LILOG-Report"
198,"LILOG-Report"
199,"IWBS Report"
200,"IWBS Report"
201,"IWBS Report"
202,"IWBS Report"
203,"IWBS Report"
204,"IWBS Report"
205,"IWBS Report"
206,"IWBS Report"
207,"LILOG-Report"
208,"IWBS Report"
209,"IWBS Report"
210,"IWBS Report"
211,"LILOG-Memo"
212,"IWBS Report"
213,"IWBS Report"
214,"IWBS Report"
215,"IWBS Report"
216,"LILOG-Report"
217,"IWBS Report"
218,"IWBS Report"
219,"LILOG-Report"
220,"IWBS Report"
221,"IWBS Report"
222,"LILOG-Report"
223,"IWBS Report"
224,"IWBS Report"
225,"IWBS Report"
226,"IWBS Report"
227,"IWBS Report"
228,"IWBS Report"
229,"IWBS Report"
230,"IWBS Report"
231,"IWBS Report"
232,"IWBS Report"
233,"IWBS Report"
234,"Research Report / RJ / IBM / San Jose, California"
235,"IWBS Report"
236,"IWBS Report"
237,"IBM Publication"
238,"IWBS Report"
239,"LILOG-Report"
240,"LILOG-Report"
241,"Research Report / RJ / IBM / San Jose, California"
242,"IWBS Report"
243,"LILOG-Report"
244,"IWBS Report"
245,"IWBS Report"
246,"IWBS Report"
247,"LILOG-Report"
248,"LILOG-Report"
249,"IWBS Report"
250,"LILOG-Report"
251,"LILOG-Report"
252,"LILOG-Memo"
253,"LILOG-Memo"
254,"IWBS Report"
255,"Research Report / RJ / IBM / San Jose, California"
256,"Research Report / RJ / IBM / San Jose, California"
257,"IWBS Report"
258,"Universität Trier, Mathematik/Informatik, Forschungsbericht"
259,"Universität Trier, Mathematik/Informatik, Forschungsbericht"
260,"Universität Trier, Mathematik/Informatik, Forschungsbericht"
261,"Universität Trier, Mathematik/Informatik, Forschungsbericht"
262,"Universität Trier, Mathematik/Informatik, Forschungsbericht"
263,"Universität Trier, Mathematik/Informatik, Forschungsbericht"
264,"Universität Trier, Mathematik/Informatik, Forschungsbericht"
265,"Universität Trier, Mathematik/Informatik, Forschungsbericht"
266,"Universität Trier, Mathematik/Informatik, Forschungsbericht"
267,"Universität Trier, Mathematik/Informatik, Forschungsbericht"
268,"Universität Trier, Mathematik/Informatik, Forschungsbericht"
269,"Universität Trier, Mathematik/Informatik, Forschungsbericht"
270,"Universität Trier, Mathematik/Informatik, Forschungsbericht"
271,"Universität Trier, Mathematik/Informatik, Forschungsbericht"
272,"Universität Trier, Mathematik/Informatik, Forschungsbericht"
273,"Universität Trier, Mathematik/Informatik, Forschungsbericht"
274,"Universität Trier, Mathematik/Informatik, Forschungsbericht"
275,"Universität Trier, Mathematik/Informatik, Forschungsbericht"
276,"Universität Trier, Mathematik/Informatik, Forschungsbericht"
277,"Universität Trier, Mathematik/Informatik, Forschungsbericht"
278,"Universität Trier, Mathematik/Informatik, Forschungsbericht"
279,"Universität Trier, Mathematik/Informatik, Forschungsbericht"
280,"Universität Trier, Mathematik/Informatik, Forschungsbericht"
281,"Universität Trier, Mathematik/Informatik, Forschungsbericht"
282,"Universität Trier, Mathematik/Informatik, Forschungsbericht"
283,"Universität Trier, Mathematik/Informatik, Forschungsbericht"
284,"Universität Trier, Mathematik/Informatik, Forschungsbericht"
285,"Universität Trier, Mathematik/Informatik, Forschungsbericht"
286,"Universität Trier, Mathematik/Informatik, Forschungsbericht"
287,"Universität Trier, Mathematik/Informatik, Forschungsbericht"
288,"Universität Trier, Mathematik/Informatik, Forschungsbericht"
289,"Universität Trier, Mathematik/Informatik, Forschungsbericht"
290,"Universität Trier, Mathematik/Informatik, Forschungsbericht"
291,"Universität Trier, Mathematik/Informatik, Forschungsbericht"
292,"Universität Trier, Mathematik/Informatik, Forschungsbericht"
293,"Universität Trier, Mathematik/Informatik, Forschungsbericht"
294,"Universität Trier, Mathematik/Informatik, Forschungsbericht"
295,"Universität Trier, Mathematik/Informatik, Forschungsbericht"
296,"Universität Trier, Mathematik/Informatik, Forschungsbericht"
297,"Universität Trier, Mathematik/Informatik, Forschungsbericht"
298,"Universität Trier, Mathematik/Informatik, Forschungsbericht"
299,"Universität Trier, Mathematik/Informatik, Forschungsbericht"
300,"Universität Trier, Mathematik/Informatik, Forschungsbericht"
301,"Universität Trier, Mathematik/Informatik, Forschungsbericht"
302,"Universität Trier, Mathematik/Informatik, Forschungsbericht"
303,"Universität Trier, Mathematik/Informatik, Forschungsbericht"
304,"Universität Trier, Mathematik/Informatik, Forschungsbericht"
305,"Universität Trier, Mathematik/Informatik, Forschungsbericht"
306,"Universität Trier, Mathematik/Informatik, Forschungsbericht"
307,"Universität Trier, Mathematik/Informatik, Forschungsbericht"
308,"Universität Trier, Mathematik/Informatik, Forschungsbericht"
309,"Universität Trier, Mathematik/Informatik, Forschungsbericht"
310,"Universität Trier, Mathematik/Informatik, Forschungsbericht"
311,"Universität Trier, Mathematik/Informatik, Forschungsbericht"
312,"Universität Trier, Mathematik/Informatik, Forschungsbericht"
313,"Universität Trier, Mathematik/Informatik, Forschungsbericht"
314,"Universität Trier, Mathematik/Informatik, Forschungsbericht"
315,"Universität Trier, Mathematik/Informatik, Forschungsbericht"
316,"Universität Trier, Mathematik/Informatik, Forschungsbericht"
317,"Universität Trier, Mathematik/Informatik, Forschungsbericht"
318,"Universität Trier, Mathematik/Informatik, Forschungsbericht"
319,"Universität Trier, Mathematik/Informatik, Forschungsbericht"
320,"Universität Trier, Mathematik/Informatik, Forschungsbericht"
321,"Universität Trier, Mathematik/Informatik, Forschungsbericht"
322,"Universität Trier, Mathematik/Informatik, Forschungsbericht"
323,"Universität Trier, Mathematik/Informatik, Forschungsbericht"
324,"Universität Trier, Mathematik/Informatik, Forschungsbericht"
325,"Universität Trier, Mathematik/Informatik, Forschungsbericht"
326,"Universität Trier, Mathematik/Informatik, Forschungsbericht"
327,"Universität Trier, Mathematik/Informatik, Forschungsbericht"
328,"Universität Trier, Mathematik/Informatik, Forschungsbericht"
329,"Universität Trier, Mathematik/Informatik, Forschungsbericht"
330,"Universität Trier, Mathematik/Informatik, Forschungsbericht"
331,"Universität Trier, Mathematik/Informatik, Forschungsbericht"
332,"Universität Trier, Mathematik/Informatik, Forschungsbericht"
333,"Universität Trier, Mathematik/Informatik, Forschungsbericht"
334,"Universität Trier, Mathematik/Informatik, Forschungsbericht"
335,"Universität Trier, Mathematik/Informatik, Forschungsbericht"
336,"Universität Trier, Mathematik/Informatik, Forschungsbericht"
337,"Universität Trier, Mathematik/Informatik, Forschungsbericht"
338,"Universität Trier, Mathematik/Informatik, Forschungsbericht"
339,"Universität Trier, Mathematik/Informatik, Forschungsbericht"
340,"Universität Trier, Mathematik/Informatik, Forschungsbericht"
341,"Universität Trier, Mathematik/Informatik, Forschungsbericht"
342,"Universität Trier, Mathematik/Informatik, Forschungsbericht"
343,"Universität Trier, Mathematik/Informatik, Forschungsbericht"
344,"Universität Trier, Mathematik/Informatik, Forschungsbericht"
345,"Universität Trier, Mathematik/Informatik, Forschungsbericht"
346,"Universität Trier, Mathematik/Informatik, Forschungsbericht"
347,"Universität Trier, Mathematik/Informatik, Forschungsbericht"
348,"Universität Trier, Mathematik/Informatik, Forschungsbericht"
349,"Universität Trier, Mathematik/Informatik, Forschungsbericht"
350,"Universität Trier, Mathematik/Informatik, Forschungsbericht"
351,"Universität Trier, Mathematik/Informatik, Forschungsbericht"
352,"Universität Trier, Mathematik/Informatik, Forschungsbericht"
353,"Universität Trier, Mathematik/Informatik, Forschungsbericht"
354,"Universität Trier, Mathematik/Informatik, Forschungsbericht"
355,"Universität Trier, Mathematik/Informatik, Forschungsbericht"
356,"Universität Trier, Mathematik/Informatik, Forschungsbericht"
357,"Universität Trier, Mathematik/Informatik, Forschungsbericht"
358,"Universität Trier, Mathematik/Informatik, Forschungsbericht"
359,"Universität Trier, Mathematik/Informatik, Forschungsbericht"
360,"Universität Trier, Mathematik/Informatik, Forschungsbericht"
361,"Universität Trier, Mathematik/Informatik, Forschungsbericht"
362,"Universität Trier, Mathematik/Informatik, Forschungsbericht"
363,"Universität Trier, Mathematik/Informatik, Forschungsbericht"
364,"Universität Trier, Mathematik/Informatik, Forschungsbericht"
365,"Universität Trier, Mathematik/Informatik, Forschungsbericht"
366,"Universität Trier, Mathematik/Informatik, Forschungsbericht"
367,"Universität Trier, Mathematik/Informatik, Forschungsbericht"
368,"Universität Trier, Mathematik/Informatik, Forschungsbericht"
369,"Universität Trier, Mathematik/Informatik, Forschungsbericht"
370,"Universität Trier, Mathematik/Informatik, Forschungsbericht"
371,"Universität Trier, Mathematik/Informatik, Forschungsbericht"
372,"Universität Trier, Mathematik/Informatik, Forschungsbericht"
373,"Universität Trier, Mathematik/Informatik, Forschungsbericht"
374,"Universität Trier, Mathematik/Informatik, Forschungsbericht"
375,"Universität Trier, Mathematik/Informatik, Forschungsbericht"
376,"Universität Trier, Mathematik/Informatik, Forschungsbericht"
377,"Universität Trier, Mathematik/Informatik, Forschungsbericht"
378,"Universität Trier, Mathematik/Informatik, Forschungsbericht"
379,"Universität Trier, Mathematik/Informatik, Forschungsbericht"
380,"Universität Trier, Mathematik/Informatik, Forschungsbericht"
381,"Universität Trier, Mathematik/Informatik, Forschungsbericht"
382,"Universität Trier, Mathematik/Informatik, Forschungsbericht"
383,"Universität Trier, Mathematik/Informatik, Forschungsbericht"
384,"Universität Trier, Mathematik/Informatik, Forschungsbericht"
385,"Universität Trier, Mathematik/Informatik, Forschungsbericht"
386,"Universität Trier, Mathematik/Informatik, Forschungsbericht"
387,"Universität Trier, Mathematik/Informatik, Forschungsbericht"
388,"Universität Trier, Mathematik/Informatik, Forschungsbericht"
389,"Universität Trier, Mathematik/Informatik, Forschungsbericht"
390,"Universität Trier, Mathematik/Informatik, Forschungsbericht"
391,"Universität Trier, Mathematik/Informatik, Forschungsbericht"
392,"Universität Trier, Mathematik/Informatik, Forschungsbericht"
393,"Universität Trier, Mathematik/Informatik, Forschungsbericht"
394,"Universität Trier, Mathematik/Informatik, Forschungsbericht"
395,"Universität Trier, Mathematik/Informatik, Forschungsbericht"
396,"Universität Trier, Mathematik/Informatik, Forschungsbericht"
397,"Universität Trier, Mathematik/Informatik, Forschungsbericht"
398,"Universität Trier, Mathematik/Informatik, Forschungsbericht"
399,"Universität Trier, Mathematik/Informatik, Forschungsbericht"
400,"Universität Trier, Mathematik/Informatik, Forschungsbericht"
401,"Universität Trier, Mathematik/Informatik, Forschungsbericht"
402,"Universität Trier, Mathematik/Informatik, Forschungsbericht"
403,"Universität Trier, Mathematik/Informatik, Forschungsbericht"
404,"Universität Trier, Mathematik/Informatik, Forschungsbericht"
405,"Universität Trier, Mathematik/Informatik, Forschungsbericht"
406,"Universität Trier, Mathematik/Informatik, Forschungsbericht"
407,"Universität Trier, Mathematik/Informatik, Forschungsbericht"
408,"Universität Trier, Mathematik/Informatik, Forschungsbericht"
409,"Universität Trier, Mathematik/Informatik, Forschungsbericht"
410,"Universität Trier, Mathematik/Informatik, Forschungsbericht"
411,"Universität Trier, Mathematik/Informatik, Forschungsbericht"
412,"Universität Trier, Mathematik/Informatik, Forschungsbericht"
413,"Universität Trier, Mathematik/Informatik, Forschungsbericht"
414,"Universität Trier, Mathematik/Informatik, Forschungsbericht"
415,"Universität Trier, Mathematik/Informatik, Forschungsbericht"
416,"Universität Trier, Mathematik/Informatik, Forschungsbericht"
417,"Universität Trier, Mathematik/Informatik, Forschungsbericht"
418,"Universität Trier, Mathematik/Informatik, Forschungsbericht"
419,"Universität Trier, Mathematik/Informatik, Forschungsbericht"
420,"Universität Trier, Mathematik/Informatik, Forschungsbericht"
421,"Universität Trier, Mathematik/Informatik, Forschungsbericht"
422,"Universität Trier, Mathematik/Informatik, Forschungsbericht"
423,"Universität Trier, Mathematik/Informatik, Forschungsbericht"
424,"Universität Trier, Mathematik/Informatik, Forschungsbericht"
425,"Universität Trier, Mathematik/Informatik, Forschungsbericht"
426,"Universität Trier, Mathematik/Informatik, Forschungsbericht"
427,"Universität Trier, Mathematik/Informatik, Forschungsbericht"
428,"Universität Trier, Mathematik/Informatik, Forschungsbericht"
429,"Universität Trier, Mathematik/Informatik, Forschungsbericht"
430,"Universität Trier, Mathematik/Informatik, Forschungsbericht"
431,"Universität Trier, Mathematik/Informatik, Forschungsbericht"
432,"Universität Trier, Mathematik/Informatik, Forschungsbericht"
433,"Universität Trier, Mathematik/Informatik, Forschungsbericht"
434,"Universität Trier, Mathematik/Informatik, Forschungsbericht"
435,"Universität Trier, Mathematik/Informatik, Forschungsbericht"
436,"Universität Trier, Mathematik/Informatik, Forschungsbericht"
437,"Universität Trier, Mathematik/Informatik, Forschungsbericht"
438,"Universität Trier, Mathematik/Informatik, Forschungsbericht"
439,"Universität Trier, Mathematik/Informatik, Forschungsbericht"
440,"Universität Trier, Mathematik/Informatik, Forschungsbericht"
441,"Universität Trier, Mathematik/Informatik, Forschungsbericht"
442,"Universität Trier, Mathematik/Informatik, Forschungsbericht"
443,"Universität Trier, Mathematik/Informatik, Forschungsbericht"
444,"Universität Trier, Mathematik/Informatik, Forschungsbericht"
445,"Universität Trier, Mathematik/Informatik, Forschungsbericht"
446,"Universität Trier, Mathematik/Informatik, Forschungsbericht"
447,"Universität Trier, Mathematik/Informatik, Forschungsbericht"
448,"Universität Trier, Mathematik/Informatik, Forschungsbericht"
449,"Universität Trier, Mathematik/Informatik, Forschungsbericht"
450,"Universität Trier, Mathematik/Informatik, Forschungsbericht"
451,"Universität Trier, Mathematik/Informatik, Forschungsbericht"
452,"Universität Trier, Mathematik/Informatik, Forschungsbericht"
453,"Universität Trier, Mathematik/Informatik, Forschungsbericht"
454,"Universität Trier, Mathematik/Informatik, Forschungsbericht"
455,"Universität Trier, Mathematik/Informatik, Forschungsbericht"
456,"Universität Trier, Mathematik/Informatik, Forschungsbericht"
457,"Universität Trier, Mathematik/Informatik, Forschungsbericht"
458,"Universität Trier, Mathematik/Informatik, Forschungsbericht"
459,"Universität Trier, Mathematik/Informatik, Forschungsbericht"
460,"Universität Trier, Mathematik/Informatik, Forschungsbericht"
461,"Universität Trier, Mathematik/Informatik, Forschungsbericht"
463,"Universität Trier, Mathematik/Informatik, Forschungsbericht"
464,"Universität Trier, Mathematik/Informatik, Forschungsbericht"
465,"Universität Trier, Mathematik/Informatik, Forschungsbericht"
466,"Universität Trier, Mathematik/Informatik, Forschungsbericht"
467,"Universität Trier, Mathematik/Informatik, Forschungsbericht"
468,"Universität Trier, Mathematik/Informatik, Forschungsbericht"
469,"Universität Trier, Mathematik/Informatik, Forschungsbericht"
470,"Universität Trier, Mathematik/Informatik, Forschungsbericht"
471,"Universität Trier, Mathematik/Informatik, Forschungsbericht"
472,"Universität Trier, Mathematik/Informatik, Forschungsbericht"
473,"Universität Trier, Mathematik/Informatik, Forschungsbericht"
474,"Universität Trier, Mathematik/Informatik, Forschungsbericht"
475,"Universität Trier, Mathematik/Informatik, Forschungsbericht"
476,"Universität Trier, Mathematik/Informatik, Forschungsbericht"
477,"Universität Trier, Mathematik/Informatik, Forschungsbericht"
478,"Universität Trier, Mathematik/Informatik, Forschungsbericht"
479,"Universität Trier, Mathematik/Informatik, Forschungsbericht"
480,"Universität Trier, Mathematik/Informatik, Forschungsbericht"
481,"Universität Trier, Mathematik/Informatik, Forschungsbericht"
482,"Universität Trier, Mathematik/Informatik, Forschungsbericht"
483,"Universität Trier, Mathematik/Informatik, Forschungsbericht"
484,"Universität Trier, Mathematik/Informatik, Forschungsbericht"
485,"Universität Trier, Mathematik/Informatik, Forschungsbericht"
486,"Universität Trier, Mathematik/Informatik, Forschungsbericht"
487,"Universität Trier, Mathematik/Informatik, Forschungsbericht"
488,"Universität Trier, Mathematik/Informatik, Forschungsbericht"
489,"Universität Trier, Mathematik/Informatik, Forschungsbericht"
490,"Universität Trier, Mathematik/Informatik, Forschungsbericht"
491,"Universität Trier, Mathematik/Informatik, Forschungsbericht"
492,"Universität Trier, Mathematik/Informatik, Forschungsbericht"
493,"Universität Trier, Mathematik/Informatik, Forschungsbericht"
494,"Universität Trier, Mathematik/Informatik, Forschungsbericht"
495,"Universität Trier, Mathematik/Informatik, Forschungsbericht"
496,"Universität Trier, Mathematik/Informatik, Forschungsbericht"
497,"Universität Trier, Mathematik/Informatik, Forschungsbericht"
498,"Universität Trier, Mathematik/Informatik, Forschungsbericht"
499,"Universität Trier, Mathematik/Informatik, Forschungsbericht"
500,"Universität Trier, Mathematik/Informatik, Forschungsbericht"
501,"Universität Trier, Mathematik/Informatik, Forschungsbericht"
502,"Universität Trier, Mathematik/Informatik, Forschungsbericht"
503,"Universität Trier, Mathematik/Informatik, Forschungsbericht"
504,"Universität Trier, Mathematik/Informatik, Forschungsbericht"
505,"Universität Trier, Mathematik/Informatik, Forschungsbericht"
506,"Universität Trier, Mathematik/Informatik, Forschungsbericht"
507,"Universität Trier, Mathematik/Informatik, Forschungsbericht"
508,"Universität Trier, Mathematik/Informatik, Forschungsbericht"
509,"Universität Trier, Mathematik/Informatik, Forschungsbericht"
510,"Universität Trier, Mathematik/Informatik, Forschungsbericht"
511,"Universität Trier, Mathematik/Informatik, Forschungsbericht"
512,"Universität Trier, Mathematik/Informatik, Forschungsbericht"
513,"Universität Trier, Mathematik/Informatik, Forschungsbericht"
514,"Universität Trier, Mathematik/Informatik, Forschungsbericht"
515,"Universität Trier, Mathematik/Informatik, Forschungsbericht"
516,"Universität Trier, Mathematik/Informatik, Forschungsbericht"
517,"Universität Trier, Mathematik/Informatik, Forschungsbericht"
518,"Universität Trier, Mathematik/Informatik, Forschungsbericht"
519,"Universität Trier, Mathematik/Informatik, Forschungsbericht"
520,"Universität Trier, Mathematik/Informatik, Forschungsbericht"
521,"Universität Trier, Mathematik/Informatik, Forschungsbericht"
522,"Universität Trier, Mathematik/Informatik, Forschungsbericht"
523,"Universität Trier, Mathematik/Informatik, Forschungsbericht"
524,"Universität Trier, Mathematik/Informatik, Forschungsbericht"
525,"Universität Trier, Mathematik/Informatik, Forschungsbericht"
526,"Universität Trier, Mathematik/Informatik, Forschungsbericht"
527,"Universität Trier, Mathematik/Informatik, Forschungsbericht"
528,"Universität Trier, Mathematik/Informatik, Forschungsbericht"
529,"Universität Trier, Mathematik/Informatik, Forschungsbericht"
530,"Universität Trier, Mathematik/Informatik, Forschungsbericht"
531,"Universität Trier, Mathematik/Informatik, Forschungsbericht"
532,"Universität Trier, Mathematik/Informatik, Forschungsbericht"
533,"Universität Trier, Mathematik/Informatik, Forschungsbericht"
534,"Universität Trier, Mathematik/Informatik, Forschungsbericht"
535,"Universität Trier, Mathematik/Informatik, Forschungsbericht"
536,"Universität Trier, Mathematik/Informatik, Forschungsbericht"
537,"Universität Trier, Mathematik/Informatik, Forschungsbericht"
538,"Universität Trier, Mathematik/Informatik, Forschungsbericht"
539,"Universität Trier, Mathematik/Informatik, Forschungsbericht"
540,"Universität Trier, Mathematik/Informatik, Forschungsbericht"
541,"Universität Trier, Mathematik/Informatik, Forschungsbericht"
542,"Universität Trier, Mathematik/Informatik, Forschungsbericht"
543,"Universität Trier, Mathematik/Informatik, Forschungsbericht"
544,"Universität Trier, Mathematik/Informatik, Forschungsbericht"
545,"Universität Trier, Mathematik/Informatik, Forschungsbericht"
546,"Universität Trier, Mathematik/Informatik, Forschungsbericht"
547,"Universität Trier, Mathematik/Informatik, Forschungsbericht"
548,"Universität Trier, Mathematik/Informatik, Forschungsbericht"
549,"Universität Trier, Mathematik/Informatik, Forschungsbericht"
550,"Universität Trier, Mathematik/Informatik, Forschungsbericht"
551,"Universität Trier, Mathematik/Informatik, Forschungsbericht"
552,"Universität Trier, Mathematik/Informatik, Forschungsbericht"
553,"Universität Trier, Mathematik/Informatik, Forschungsbericht"
554,"Technical Report"
555,"Forschungsberichte, TU Munich"
556,"Forschungsberichte, TU Munich"
557,"Forschungsberichte, TU Munich"
558,"Forschungsberichte, TU Munich"
559,"Forschungsberichte, TU Munich"
560,"Forschungsberichte, TU Munich"
561,"Forschungsberichte, TU Munich"
562,"Forschungsberichte, TU Munich"
563,"Forschungsberichte, TU Munich"
564,"Forschungsberichte, TU Munich"
565,"Forschungsberichte, TU Munich"
566,"Forschungsberichte, TU Munich"
567,"Forschungsberichte, TU Munich"
568,"Forschungsberichte, TU Munich"
569,"Forschungsberichte, TU Munich"
570,"Forschungsberichte, TU Munich"
571,"Forschungsberichte, TU Munich"
572,"Forschungsberichte, TU Munich"
573,"Forschungsberichte, TU Munich"
574,"Forschungsberichte, TU Munich"
575,"Forschungsberichte, TU Munich"
576,"Forschungsberichte, TU Munich"
577,"Forschungsberichte, TU Munich"
578,"Forschungsberichte, TU Munich"
579,"Forschungsberichte, TU Munich"
580,"Forschungsberichte, TU Munich"
581,"Forschungsberichte, TU Munich"
582,"Forschungsberichte, TU Munich"
583,"Forschungsberichte, TU Munich"
584,"Forschungsberichte, TU Munich"
585,"Forschungsberichte, TU Munich"
586,"Forschungsberichte, TU Munich"
587,"Forschungsberichte, TU Munich"
588,"Forschungsberichte, TU Munich"
589,"Forschungsberichte, TU Munich"
590,"Forschungsberichte, TU Munich"
591,"Forschungsberichte, TU Munich"
592,"Forschungsberichte, TU Munich"
593,"Forschungsberichte, TU Munich"
594,"Forschungsberichte, TU Munich"
595,"Forschungsberichte, TU Munich"
596,"Forschungsberichte, TU Munich"
597,"Forschungsberichte, TU Munich"
598,"Forschungsberichte, TU Munich"
599,"Forschungsberichte, TU Munich"
600,"Forschungsberichte, TU Munich"
601,"Forschungsberichte, TU Munich"
602,"Forschungsberichte, TU Munich"
603,"Forschungsberichte, TU Munich"
604,"Forschungsberichte, TU Munich"
605,"Forschungsberichte, TU Munich"
606,"Forschungsberichte, TU Munich"
607,"Forschungsberichte, TU Munich"
608,"Forschungsberichte, TU Munich"
609,"Forschungsberichte, TU Munich"
610,"Forschungsberichte, TU Munich"
611,"Forschungsberichte, TU Munich"
612,"Forschungsberichte, TU Munich"
613,"Forschungsberichte, TU Munich"
614,"Forschungsberichte, TU Munich"
615,"Forschungsberichte, TU Munich"
616,"Forschungsberichte, TU Munich"
617,"Forschungsberichte, TU Munich"
618,"Forschungsberichte, TU Munich"
619,"Forschungsberichte, TU Munich"
620,"Forschungsberichte, TU Munich"
621,"Forschungsberichte, TU Munich"
622,"Forschungsberichte, TU Munich"
623,"Forschungsberichte, TU Munich"
624,"Forschungsberichte, TU Munich"
625,"Forschungsberichte, TU Munich"
626,"Forschungsberichte, TU Munich"
627,"Forschungsberichte, TU Munich"
628,"Forschungsberichte, TU Munich"
629,"Forschungsberichte, TU Munich"
630,"Forschungsberichte, TU Munich"
631,"Forschungsberichte, TU Munich"
632,"Forschungsberichte, TU Munich"
633,"Forschungsberichte, TU Munich"
634,"Forschungsberichte, TU Munich"
635,"Forschungsberichte, TU Munich"
636,"Forschungsberichte, TU Munich"
637,"Forschungsberichte, TU Munich"
638,"Forschungsberichte, TU Munich"
639,"Forschungsberichte, TU Munich"
640,"Forschungsberichte, TU Munich"
641,"Forschungsberichte, TU Munich"
642,"Forschungsberichte, TU Munich"
643,"Forschungsberichte, TU Munich"
644,"Forschungsberichte, TU Munich"
645,"Forschungsberichte, TU Munich"
646,"Forschungsberichte, TU Munich"
648,"Forschungsberichte, TU Munich"
649,"Forschungsberichte, TU Munich"
650,"Forschungsberichte, TU Munich"
651,"Forschungsberichte, TU Munich"
652,"Forschungsberichte, TU Munich"
653,"Forschungsberichte, TU Munich"
654,"Forschungsberichte, TU Munich"
655,"Forschungsberichte, TU Munich"
656,"Forschungsberichte, TU Munich"
657,"Forschungsberichte, TU Munich"
658,"Forschungsberichte, TU Munich"
659,"Forschungsberichte, TU Munich"
660,"Forschungsberichte, TU Munich"
661,"Forschungsberichte, TU Munich"
662,"Forschungsberichte, TU Munich"
663,"Forschungsberichte, TU Munich"
664,"Forschungsberichte, TU Munich"
665,"Forschungsberichte, TU Munich"
666,"Forschungsberichte, TU Munich"
667,"Forschungsberichte, TU Munich"
668,"Forschungsberichte, TU Munich"
669,"Forschungsberichte, TU Munich"
670,"Forschungsberichte, TU Munich"
671,"Forschungsberichte, TU Munich"
672,"Forschungsberichte, TU Munich"
673,"Forschungsberichte, TU Munich"
674,"Forschungsberichte, TU Munich"
675,"Forschungsberichte, TU Munich"
676,"Forschungsberichte, TU Munich"
677,"Forschungsberichte, TU Munich"
678,"Forschungsberichte, TU Munich"
679,"Forschungsberichte, TU Munich"
680,"Forschungsberichte, TU Munich"
681,"Forschungsberichte, TU Munich"
682,"Forschungsberichte, TU Munich"
683,"Forschungsberichte, TU Munich"
684,"Forschungsberichte, TU Munich"
685,"Forschungsberichte, TU Munich"
686,"Forschungsberichte, TU Munich"
687,"Forschungsberichte, TU Munich"
688,"Forschungsberichte, TU Munich"
689,"Forschungsberichte, TU Munich"
690,"Forschungsberichte, TU Munich"
691,"Forschungsberichte, TU Munich"
692,"Forschungsberichte, TU Munich"
693,"Forschungsberichte, TU Munich"
694,"Forschungsberichte, TU Munich"
695,"Forschungsberichte, TU Munich"
696,"Forschungsberichte, TU Munich"
697,"Forschungsberichte, TU Munich"
698,"Forschungsberichte, TU Munich"
699,"Forschungsberichte, TU Munich"
700,"Forschungsberichte, TU Munich"
701,"Forschungsberichte, TU Munich"
702,"Forschungsberichte, TU Munich"
703,"Forschungsberichte, TU Munich"
704,"Forschungsberichte, TU Munich"
705,"Forschungsberichte, TU Munich"
706,"Forschungsberichte, TU Munich"
707,"Forschungsberichte, TU Munich"
708,"Forschungsberichte, TU Munich"
709,"Forschungsberichte, TU Munich"
710,"Forschungsberichte, TU Munich"
711,"Forschungsberichte, TU Munich"
712,"Forschungsberichte, TU Munich"
713,"Forschungsberichte, TU Munich"
714,"Forschungsberichte, TU Munich"
715,"Forschungsberichte, TU Munich"
716,"Forschungsberichte, TU Munich"
717,"Forschungsberichte, TU Munich"
718,"Forschungsberichte, TU Munich"
719,"Forschungsberichte, TU Munich"
720,"Forschungsberichte, TU Munich"
721,"Forschungsberichte, TU Munich"
722,"Forschungsberichte, TU Munich"
723,"Forschungsberichte, TU Munich"
724,"Forschungsberichte, TU Munich"
725,"Forschungsberichte, TU Munich"
726,"Forschungsberichte, TU Munich"
727,"Forschungsberichte, TU Munich"
728,"Forschungsberichte, TU Munich"
729,"Forschungsberichte, TU Munich"
730,"Forschungsberichte, TU Munich"
731,"Forschungsberichte, TU Munich"
732,"Forschungsberichte, TU Munich"
733,"Forschungsberichte, TU Munich"
734,"Forschungsberichte, TU Munich"
735,"Forschungsberichte, TU Munich"
736,"Forschungsberichte, TU Munich"
737,"Forschungsberichte, TU Munich"
738,"Forschungsberichte, TU Munich"
739,"Forschungsberichte, TU Munich"
740,"Forschungsberichte, TU Munich"
741,"Forschungsberichte, TU Munich"
742,"Forschungsberichte, TU Munich"
743,"Forschungsberichte, TU Munich"
744,"Forschungsberichte, TU Munich"
745,"Forschungsberichte, TU Munich"
746,"Forschungsberichte, TU Munich"
747,"Forschungsberichte, TU Munich"
748,"Forschungsberichte, TU Munich"
749,"Forschungsberichte, TU Munich"
750,"Forschungsberichte, TU Munich"
751,"Forschungsberichte, TU Munich"
752,"Forschungsberichte, TU Munich"
753,"Forschungsberichte, TU Munich"
754,"Forschungsberichte, TU Munich"
755,"Forschungsberichte, TU Munich"
756,"Forschungsberichte, TU Munich"
757,"Forschungsberichte, TU Munich"
758,"Forschungsberichte, TU Munich"
759,"Forschungsberichte, TU Munich"
760,"Forschungsberichte, TU Munich"
761,"Forschungsberichte, TU Munich"
762,"Forschungsberichte, TU Munich"
763,"Forschungsberichte, TU Munich"
764,"Forschungsberichte, TU Munich"
765,"Forschungsberichte, TU Munich"
766,"Forschungsberichte, TU Munich"
767,"Forschungsberichte, TU Munich"
768,"Forschungsberichte, TU Munich"
769,"Forschungsberichte, TU Munich"
770,"Forschungsberichte, TU Munich"
771,"Forschungsberichte, TU Munich"
772,"Forschungsberichte, TU Munich"
773,"Forschungsberichte, TU Munich"
774,"Forschungsberichte, TU Munich"
775,"Forschungsberichte, TU Munich"
776,"Forschungsberichte, TU Munich"
777,"Forschungsberichte, TU Munich"
778,"Forschungsberichte, TU Munich"
779,"Forschungsberichte, TU Munich"
780,"Forschungsberichte, TU Munich"
781,"Forschungsberichte, TU Munich"
782,"Forschungsberichte, TU Munich"
783,"Forschungsberichte, TU Munich"
784,"Forschungsberichte, TU Munich"
785,"Forschungsberichte, TU Munich"
786,"Forschungsberichte, TU Munich"
787,"Forschungsberichte, TU Munich"
799,"Digital System Research Center Report"
816,"Research Report / RJ / IBM / San Jose, California"
819,"Research Report / RJ / IBM / San Jose, California"
820,"Compulog Newsletter"
821,"Research Report / RJ / IBM / San Jose, California"
822,"Research Report / RJ / IBM / San Jose, California"
823,"Hydrology and Earth System Sciences"
825,"Technical Rep. UKSC 0060, IBM United Kingdom Scientific Centre"
826,"Research Report / RJ / IBM / San Jose, California"
827,"Research Report / RJ / IBM / San Jose, California"
829,"ETH Zurich, Department of Computer Science / Technical Report"
830,"Research Report / RJ / IBM / San Jose, California"
831,"Hydrology and Earth System Sciences"
28916,"Sci. Eng. Ethics"
28917,"Sci. Eng. Ethics"
28918,"Sci. Eng. Ethics"
28919,"Sci. Eng. Ethics"
28920,"Sci. Eng. Ethics"
28921,"Sci. Eng. Ethics"
28922,"Sci. Eng. Ethics"
28923,"Sci. Eng. Ethics"
28924,"Sci. Eng. Ethics"
28925,"Sci. Eng. Ethics"
28926,"Sci. Eng. Ethics"
28927,"Sci. Eng. Ethics"
28928,"Sci. Eng. Ethics"
28929,"Sci. Eng. Ethics"
28930,"Sci. Eng. Ethics"
28931,"Sci. Eng. Ethics"
28932,"Sci. Eng. Ethics"
28933,"Sci. Eng. Ethics"
28934,"Sci. Eng. Ethics"
28935,"Sci. Eng. Ethics"
28936,"Sci. Eng. Ethics"
28937,"Sci. Eng. Ethics"
28938,"Sci. Eng. Ethics"
28939,"Sci. Eng. Ethics"
28940,"Sci. Eng. Ethics"
28941,"Sci. Eng. Ethics"
28942,"Sci. Eng. Ethics"
28943,"Sci. Eng. Ethics"
28944,"Sci. Eng. Ethics"
28945,"Sci. Eng. Ethics"
28946,"Sci. Eng. Ethics"
28947,"Sci. Eng. Ethics"
28948,"Sci. Eng. Ethics"
28949,"Sci. Eng. Ethics"
28950,"Sci. Eng. Ethics"
28951,"Sci. Eng. Ethics"
28952,"Sci. Eng. Ethics"
28953,"Sci. Eng. Ethics"
28954,"Sci. Eng. Ethics"
28955,"Sci. Eng. Ethics"
28956,"Sci. Eng. Ethics"
28957,"Sci. Eng. Ethics"
28958,"Sci. Eng. Ethics"
28959,"Sci. Eng. Ethics"
28960,"Sci. Eng. Ethics"
28961,"Sci. Eng. Ethics"
28962,"Sci. Eng. Ethics"
28963,"Sci. Eng. Ethics"
28964,"Sci. Eng. Ethics"
28965,"Sci. Eng. Ethics"
28966,"Sci. Eng. Ethics"
28967,"Sci. Eng. Ethics"
28968,"Sci. Eng. Ethics"
28969,"Sci. Eng. Ethics"
28970,"Sci. Eng. Ethics"
28971,"Sci. Eng. Ethics"
28972,"Sci. Eng. Ethics"
28973,"Sci. Eng. Ethics"
28974,"Sci. Eng. Ethics"
28975,"Sci. Eng. Ethics"
28976,"Sci. Eng. Ethics"
28977,"Sci. Eng. Ethics"
28978,"Sci. Eng. Ethics"
28979,"Sci. Eng. Ethics"
28980,"Sci. Eng. Ethics"
28981,"Sci. Eng. Ethics"
28982,"Sci. Eng. Ethics"
28983,"Sci. Eng. Ethics"
28984,"Sci. Eng. Ethics"
28985,"Sci. Eng. Ethics"
28986,"Sci. Eng. Ethics"
28987,"Sci. Eng. Ethics"
28988,"Sci. Eng. Ethics"
28989,"Sci. Eng. Ethics"
28990,"Sci. Eng. Ethics"
28991,"Sci. Eng. Ethics"
28992,"Sci. Eng. Ethics"
28993,"Sci. Eng. Ethics"
28994,"Sci. Eng. Ethics"
28995,"Sci. Eng. Ethics"
28996,"Sci. Eng. Ethics"
28997,"Sci. Eng. Ethics"
28998,"Sci. Eng. Ethics"
28999,"Sci. Eng. Ethics"
29000,"Sci. Eng. Ethics"
29001,"Sci. Eng. Ethics"
29002,"Sci. Eng. Ethics"
29003,"Sci. Eng. Ethics"
29004,"Sci. Eng. Ethics"
29005,"Sci. Eng. Ethics"
29006,"Sci. Eng. Ethics"
29007,"Sci. Eng. Ethics"
29008,"Sci. Eng. Ethics"
29009,"Sci. Eng. Ethics"
29010,"Sci. Eng. Ethics"
29011,"Sci. Eng. Ethics"
29012,"Sci. Eng. Ethics"
29013,"Sci. Eng. Ethics"
29014,"Sci. Eng. Ethics"
29015,"Sci. Eng. Ethics"
29016,"Sci. Eng. Ethics"
29017,"Sci. Eng. Ethics"
29018,"Sci. Eng. Ethics"
29019,"Sci. Eng. Ethics"
29020,"Sci. Eng. Ethics"
29021,"Sci. Eng. Ethics"
29022,"Sci. Eng. Ethics"
29023,"Sci. Eng. Ethics"
29024,"Sci. Eng. Ethics"
29025,"Sci. Eng. Ethics"
29026,"Sci. Eng. Ethics"
29027,"Sci. Eng. Ethics"
29028,"Sci. Eng. Ethics"
29029,"Sci. Eng. Ethics"
29030,"Sci. Eng. Ethics"
29031,"Sci. Eng. Ethics"
29032,"Sci. Eng. Ethics"
29033,"Sci. Eng. Ethics"
29034,"Sci. Eng. Ethics"
29035,"Sci. Eng. Ethics"
29036,"Sci. Eng. Ethics"
29037,"Sci. Eng. Ethics"
29038,"Sci. Eng. Ethics"
29039,"Sci. Eng. Ethics"
29040,"Sci. Eng. Ethics"
29041,"Sci. Eng. Ethics"
29042,"Sci. Eng. Ethics"
29043,"Sci. Eng. Ethics"
29044,"Sci. Eng. Ethics"
29045,"Sci. Eng. Ethics"
29046,"Sci. Eng. Ethics"
29047,"Sci. Eng. Ethics"
29048,"Sci. Eng. Ethics"
29049,"Sci. Eng. Ethics"
29050,"Sci. Eng. Ethics"
29051,"Sci. Eng. Ethics"
29052,"Sci. Eng. Ethics"
29053,"Sci. Eng. Ethics"
29054,"Sci. Eng. Ethics"
29055,"Sci. Eng. Ethics"
29056,"Sci. Eng. Ethics"
29057,"Sci. Eng. Ethics"
29058,"Sci. Eng. Ethics"
29059,"Sci. Eng. Ethics"
29060,"Sci. Eng. Ethics"
29061,"Sci. Eng. Ethics"
29062,"Sci. Eng. Ethics"
29063,"Sci. Eng. Ethics"
29064,"Sci. Eng. Ethics"
29065,"Sci. Eng. Ethics"
29066,"Sci. Eng. Ethics"
29067,"Sci. Eng. Ethics"
29068,"Sci. Eng. Ethics"
29069,"Sci. Eng. Ethics"
29070,"Sci. Eng. Ethics"
29071,"Sci. Eng. Ethics"
29072,"Sci. Eng. Ethics"
29073,"Sci. Eng. Ethics"
29074,"Sci. Eng. Ethics"
29075,"Sci. Eng. Ethics"
29076,"Sci. Eng. Ethics"
29077,"Sci. Eng. Ethics"
29078,"Sci. Eng. Ethics"
29079,"Sci. Eng. Ethics"
29080,"Sci. Eng. Ethics"
29081,"Sci. Eng. Ethics"
29082,"Sci. Eng. Ethics"
29083,"Sci. Eng. Ethics"
29084,"Sci. Eng. Ethics"
29085,"Sci. Eng. Ethics"
29086,"Sci. Eng. Ethics"
29087,"Sci. Eng. Ethics"
29088,"Sci. Eng. Ethics"
29089,"Sci. Eng. Ethics"
29090,"Sci. Eng. Ethics"
29091,"Sci. Eng. Ethics"
29092,"Sci. Eng. Ethics"
29093,"Sci. Eng. Ethics"
29094,"Sci. Eng. Ethics"
29095,"Sci. Eng. Ethics"
29096,"Sci. Eng. Ethics"
29097,"Sci. Eng. Ethics"
29098,"Sci. Eng. Ethics"
29099,"Sci. Eng. Ethics"
29100,"Sci. Eng. Ethics"
29101,"Sci. Eng. Ethics"
29102,"Sci. Eng. Ethics"
29103,"Sci. Eng. Ethics"
29104,"Sci. Eng. Ethics"
29105,"Sci. Eng. Ethics"
29106,"Sci. Eng. Ethics"
29107,"Sci. Eng. Ethics"
29108,"Sci. Eng. Ethics"
29109,"Sci. Eng. Ethics"
29110,"Sci. Eng. Ethics"
29111,"Sci. Eng. Ethics"
29112,"Sci. Eng. Ethics"
29113,"Sci. Eng. Ethics"
29114,"Sci. Eng. Ethics"
29115,"Sci. Eng. Ethics"
29116,"Sci. Eng. Ethics"
29117,"Sci. Eng. Ethics"
29118,"Sci. Eng. Ethics"
29119,"Sci. Eng. Ethics"
