"id_volume","journal"
" meltdownattack.com","meltdownattack.com"
"TR-0263-08-94-165 GTE Laboratories Incorporated","GTE Laboratories Incorporated"
"TR-0222-10-92-165 GTE Laboratories Incorporated","GTE Laboratories Incorporated"
"TR-0174-12-91-165 GTE Laboratories Incorporated","GTE Laboratories Incorporated"
"TM-0149-06-89-165 GTE Laboratories Incorporated","GTE Laboratories Incorporated"
"TR-0310-11-95-165 GTE Laboratories Incorporated","GTE Laboratories Incorporated"
"TR-0146-06-91-165 GTE Laboratories Incorporated","GTE Laboratories Incorporated"
"TR-0231-08-93-165 GTE Laboratories Incorporated","GTE Laboratories Incorporated"
"TR-0244-12-93-165 GTE Laboratories Incorporated","GTE Laboratories Incorporated"
"TR-0169-12-91-165 GTE Laboratories Incorporated","GTE Laboratories Incorporated"
"TM-0332-11-90-165 GTE Laboratories Incorporated","GTE Laboratories Incorporated"
"TM-0014-06-88-165 GTE Laboratories Incorporated","GTE Laboratories Incorporated"
"TR-0236-09-93-165 GTE Laboratories Incorporated","GTE Laboratories Incorporated"
"UCB/ERL M79/28 University of California at Berkeley","University of California at Berkeley"
"X3H2-90-412 ANSI X3H2","ANSI X3H2"
"DBL:KAW-006 X3H2-91-133rev1 ANSI X2H2","ANSI X2H2"
"X3H2-90-292 ANSI X3H2","ANSI X3H2"
"DBL:ARL-029 X3H2-91-083rev1 ANSI X3H2","ANSI X3H2"
"X3H2-92-062 ANSI X3H2","ANSI X3H2"
"191 IWBS Report","IWBS Report"
"59 LILOG-Report","LILOG-Report"
"15 LILOG-Report","LILOG-Report"
"40 LILOG-Report","LILOG-Report"
"225 IWBS Report","IWBS Report"
"2 LILOG-Memo","LILOG-Memo"
"61 LILOG-Report","LILOG-Report"
"53 LILOG-Report","LILOG-Report"
"9 LILOG-Memo","LILOG-Memo"
"45 LILOG-Report","LILOG-Report"
"56 LILOG-Report","LILOG-Report"
"201 IWBS Report","IWBS Report"
"G320-6590 IBM Publication","IBM Publication"
"111 IWBS Report","IWBS Report"
"60 LILOG-Report","LILOG-Report"
"228 IWBS Report","IWBS Report"
"188 IWBS Report","IWBS Report"
"87 IWBS Report","IWBS Report"
"177 IWBS Report","IWBS Report"
"3 LILOG-Report","LILOG-Report"
"154 IWBS Report","IWBS Report"
"150 IWBS Report","IWBS Report"
"165 IWBS Report","IWBS Report"
"163 IWBS Report","IWBS Report"
"34 LILOG-Report","LILOG-Report"
"68 IWBS Report","IWBS Report"
"166 IWBS Report","IWBS Report"
"5 LILOG-Report","LILOG-Report"
"126 IWBS Report","IWBS Report"
"208 IWBS Report","IWBS Report"
"89 IWBS Report","IWBS Report"
"212 IWBS Report","IWBS Report"
"37 LILOG-Report","LILOG-Report"
"237 IWBS Report","IWBS Report"
"180 IWBS Report","IWBS Report"
"8 LILOG-Memo","LILOG-Memo"
"220 IWBS Report","IWBS Report"
"4 LILOG-Memo","LILOG-Memo"
"26 LILOG-Report","LILOG-Report"
"38 LILOG-Report","LILOG-Report"
"157 IWBS Report","IWBS Report"
"231 IWBS Report","IWBS Report"
"146 IWBS Report","IWBS Report"
"199 IWBS Report","IWBS Report"
"241 IWBS Report","IWBS Report"
"8 LILOG-Report","LILOG-Report"
"151 IWBS Report","IWBS Report"
"27 LILOG-Report","LILOG-Report"
"132 IWBS Report","IWBS Report"
"190 IWBS Report","IWBS Report"
"114 IWBS Report","IWBS Report"
"144 IWBS Report","IWBS Report"
"83 IWBS Report","IWBS Report"
"121 IWBS Report","IWBS Report"
"29 LILOG-Report","LILOG-Report"
"130 IWBS Report","IWBS Report"
"210 IWBS Report","IWBS Report"
"19 LILOG-Report","LILOG-Report"
"135 IWBS Report","IWBS Report"
"11 LILOG-Report","LILOG-Report"
"RJ2772 Research Report / RJ / IBM / San Jose, California","Research Report / RJ / IBM / San Jose, California"
"23 LILOG-Report","LILOG-Report"
"10 LILOG-Report","LILOG-Report"
"171 IWBS Report","IWBS Report"
"162 IWBS Report","IWBS Report"
"91 IWBS Report","IWBS Report"
"7 LILOG-Report","LILOG-Report"
"205 IWBS Report","IWBS Report"
"13 LILOG-Report","LILOG-Report"
"106 IWBS Report","IWBS Report"
"134 IWBS Report","IWBS Report"
"96 IWBS Report","IWBS Report"
"192 IWBS Report","IWBS Report"
"107 IWBS Report","IWBS Report"
"112 IWBS Report","IWBS Report"
"167 IWBS Report","IWBS Report"
"50 LILOG-Report","LILOG-Report"
"232 IWBS Report","IWBS Report"
"182 IWBS Report","IWBS Report"
"189 IWBS Report","IWBS Report"
"169 IWBS Report","IWBS Report"
"156 IWBS Report","IWBS Report"
"223 IWBS Report","IWBS Report"
"RJ1200 Research Report / RJ / IBM / San Jose, California","Research Report / RJ / IBM / San Jose, California"
"221 IWBS Report","IWBS Report"
"138 IWBS Report","IWBS Report"
"217 IWBS Report","IWBS Report"
"200 IWBS Report","IWBS Report"
"178 IWBS Report","IWBS Report"
"195 IWBS Report","IWBS Report"
"84 IWBS Report","IWBS Report"
"170 IWBS Report","IWBS Report"
"35 LILOG-Report","LILOG-Report"
"5 LILOG-Memo","LILOG-Memo"
"202 IWBS Report","IWBS Report"
"224 IWBS Report","IWBS Report"
"93 IWBS Report","IWBS Report"
"3 LILOG-Memo","LILOG-Memo"
"124 IWBS Report","IWBS Report"
"43 LILOG-Report","LILOG-Report"
"234 IWBS Report","IWBS Report"
"115 IWBS Report","IWBS Report"
"102 IWBS Report","IWBS Report"
"198 IWBS Report","IWBS Report"
"RJ2144 Research Report / RJ / IBM / San Jose, California","Research Report / RJ / IBM / San Jose, California"
"194 IWBS Report","IWBS Report"
"108 IWBS Report","IWBS Report"
"6 LILOG-Memo","LILOG-Memo"
"99 IWBS Report","IWBS Report"
"153 IWBS Report","IWBS Report"
"72 IWBS Report","IWBS Report"
"70 IWBS Report","IWBS Report"
"30 LILOG-Report","LILOG-Report"
"80 IWBS Report","IWBS Report"
"92 IWBS Report","IWBS Report"
"110 IWBS Report","IWBS Report"
"RJ2736 Research Report / RJ / IBM / San Jose, California","Research Report / RJ / IBM / San Jose, California"
"213 IWBS Report","IWBS Report"
"46 LILOG-Report","LILOG-Report"
"11 LILOG-Memo","LILOG-Memo"
"233 IWBS Report","IWBS Report"
"184 IWBS Report","IWBS Report"
"1 LILOG-Report","LILOG-Report"
"6 LILOG-Report","LILOG-Report"
"214 IWBS Report","IWBS Report"
"158 IWBS Report","IWBS Report"
"215 IWBS Report","IWBS Report"
"140 IWBS Report","IWBS Report"
"88 IWBS Report","IWBS Report"
"41 LILOG-Report","LILOG-Report"
"14 LILOG-Report","LILOG-Report"
"168 IWBS Report","IWBS Report"
"119 IWBS Report","IWBS Report"
"193 IWBS Report","IWBS Report"
"RJ2555 Research Report / RJ / IBM / San Jose, California","Research Report / RJ / IBM / San Jose, California"
"90 IWBS Report","IWBS Report"
"117 IWBS Report","IWBS Report"
"222 IWBS Report","IWBS Report"
"211 IWBS Report","IWBS Report"
"85 IWBS Report","IWBS Report"
"20 LILOG-Report","LILOG-Report"
"73 IWBS Report","IWBS Report"
"113 IWBS Report","IWBS Report"
"152 IWBS Report","IWBS Report"
"179 IWBS Report","IWBS Report"
"71 IWBS Report","IWBS Report"
"187 IWBS Report","IWBS Report"
"74 IWBS Report","IWBS Report"
"103 IWBS Report","IWBS Report"
"2 LILOG-Report","LILOG-Report"
"1 LILOG-Memo","LILOG-Memo"
"42 LILOG-Report","LILOG-Report"
"39 LILOG-Report","LILOG-Report"
"227 IWBS Report","IWBS Report"
"129 IWBS Report","IWBS Report"
"33 LILOG-Report","LILOG-Report"
"175 IWBS Report","IWBS Report"
"58 LILOG-Report","LILOG-Report"
"98 IWBS Report","IWBS Report"
"183 IWBS Report","IWBS Report"
"104 IWBS Report","IWBS Report"
"122 IWBS Report","IWBS Report"
"86 IWBS Report","IWBS Report"
"G320-2096 Research Report / G / IBM / Cambridge Scientific Center","Research Report / G / IBM / Cambridge Scientific Center"
"81 IWBS Report","IWBS Report"
"164 IWBS Report","IWBS Report"
"139 IWBS Report","IWBS Report"
"67 IWBS Report","IWBS Report"
"109 IWBS Report","IWBS Report"
"181 IWBS Report","IWBS Report"
"25 LILOG-Report","LILOG-Report"
"GH24-5013 IBM Publication","IBM Publication"
"235 IWBS Report","IWBS Report"
"17 LILOG-Report","LILOG-Report"
"145 IWBS Report","IWBS Report"
"57 LILOG-Report","LILOG-Report"
"51 LILOG-Report","LILOG-Report"
"123 IWBS Report","IWBS Report"
"125 IWBS Report","IWBS Report"
"218 IWBS Report","IWBS Report"
"95 IWBS Report","IWBS Report"
"219 IWBS Report","IWBS Report"
"176 IWBS Report","IWBS Report"
"97 IWBS Report","IWBS Report"
"69 IWBS Report","IWBS Report"
"44 LILOG-Report","LILOG-Report"
"209 IWBS Report","IWBS Report"
"172 IWBS Report","IWBS Report"
"137 IWBS Report","IWBS Report"
"12 LILOG-Memo","LILOG-Memo"
"149 IWBS Report","IWBS Report"
"141 IWBS Report","IWBS Report"
"196 IWBS Report","IWBS Report"
"206 IWBS Report","IWBS Report"
"9 LILOG-Report","LILOG-Report"
"136 IWBS Report","IWBS Report"
"148 IWBS Report","IWBS Report"
"36 LILOG-Report","LILOG-Report"
"226 IWBS Report","IWBS Report"
"131 IWBS Report","IWBS Report"
"47 LILOG-Report","LILOG-Report"
"174 IWBS Report","IWBS Report"
"128 IWBS Report","IWBS Report"
"127 IWBS Report","IWBS Report"
"230 IWBS Report","IWBS Report"
"204 IWBS Report","IWBS Report"
"147 IWBS Report","IWBS Report"
"173 IWBS Report","IWBS Report"
"105 IWBS Report","IWBS Report"
"161 IWBS Report","IWBS Report"
"185 IWBS Report","IWBS Report"
"118 IWBS Report","IWBS Report"
"RJ1579 Research Report / RJ / IBM / San Jose, California","Research Report / RJ / IBM / San Jose, California"
"186 IWBS Report","IWBS Report"
"94 IWBS Report","IWBS Report"
"GH24-5012 IBM Publication","IBM Publication"
"133 IWBS Report","IWBS Report"
"24 LILOG-Report","LILOG-Report"
"18 LILOG-Report","LILOG-Report"
"RJ2274 Research Report / RJ / IBM / San Jose, California","Research Report / RJ / IBM / San Jose, California"
"143 IWBS Report","IWBS Report"
"28 LILOG-Report","LILOG-Report"
"82 IWBS Report","IWBS Report"
"229 IWBS Report","IWBS Report"
"66 IWBS Report","IWBS Report"
"31 LILOG-Report","LILOG-Report"
"22 LILOG-Report","LILOG-Report"
"203 IWBS Report","IWBS Report"
"12 LILOG-Report","LILOG-Report"
"32 LILOG-Report","LILOG-Report"
"14 LILOG-Memo","LILOG-Memo"
"10 LILOG-Memo","LILOG-Memo"
"151 IWBS Report","IWBS Report"
"RJ1318 Research Report / RJ / IBM / San Jose, California","Research Report / RJ / IBM / San Jose, California"
"RJ2598 Research Report / RJ / IBM / San Jose, California","Research Report / RJ / IBM / San Jose, California"
"207 IWBS Report","IWBS Report"
"98-14 Universität Trier, Mathematik/Informatik, Forschungsbericht","Universität Trier, Mathematik/Informatik, Forschungsbericht"
"99-26 Universität Trier, Mathematik/Informatik, Forschungsbericht","Universität Trier, Mathematik/Informatik, Forschungsbericht"
"96-16 Universität Trier, Mathematik/Informatik, Forschungsbericht","Universität Trier, Mathematik/Informatik, Forschungsbericht"
"01-21 Universität Trier, Mathematik/Informatik, Forschungsbericht","Universität Trier, Mathematik/Informatik, Forschungsbericht"
"98-06 Universität Trier, Mathematik/Informatik, Forschungsbericht","Universität Trier, Mathematik/Informatik, Forschungsbericht"
"96-32 Universität Trier, Mathematik/Informatik, Forschungsbericht","Universität Trier, Mathematik/Informatik, Forschungsbericht"
"94-10 Universität Trier, Mathematik/Informatik, Forschungsbericht","Universität Trier, Mathematik/Informatik, Forschungsbericht"
"00-01 Universität Trier, Mathematik/Informatik, Forschungsbericht","Universität Trier, Mathematik/Informatik, Forschungsbericht"
"97-24 Universität Trier, Mathematik/Informatik, Forschungsbericht","Universität Trier, Mathematik/Informatik, Forschungsbericht"
"97-09 Universität Trier, Mathematik/Informatik, Forschungsbericht","Universität Trier, Mathematik/Informatik, Forschungsbericht"
"99-12 Universität Trier, Mathematik/Informatik, Forschungsbericht","Universität Trier, Mathematik/Informatik, Forschungsbericht"
"92-26 Universität Trier, Mathematik/Informatik, Forschungsbericht","Universität Trier, Mathematik/Informatik, Forschungsbericht"
"98-07 Universität Trier, Mathematik/Informatik, Forschungsbericht","Universität Trier, Mathematik/Informatik, Forschungsbericht"
"96-22 Universität Trier, Mathematik/Informatik, Forschungsbericht","Universität Trier, Mathematik/Informatik, Forschungsbericht"
"02-21 Universität Trier, Mathematik/Informatik, Forschungsbericht","Universität Trier, Mathematik/Informatik, Forschungsbericht"
"98-12 Universität Trier, Mathematik/Informatik, Forschungsbericht","Universität Trier, Mathematik/Informatik, Forschungsbericht"
"92-17 Universität Trier, Mathematik/Informatik, Forschungsbericht","Universität Trier, Mathematik/Informatik, Forschungsbericht"
"94-05 Universität Trier, Mathematik/Informatik, Forschungsbericht","Universität Trier, Mathematik/Informatik, Forschungsbericht"
"00-05 Universität Trier, Mathematik/Informatik, Forschungsbericht","Universität Trier, Mathematik/Informatik, Forschungsbericht"
"96-17 Universität Trier, Mathematik/Informatik, Forschungsbericht","Universität Trier, Mathematik/Informatik, Forschungsbericht"
"03-01 Universität Trier, Mathematik/Informatik, Forschungsbericht","Universität Trier, Mathematik/Informatik, Forschungsbericht"
"96-26 Universität Trier, Mathematik/Informatik, Forschungsbericht","Universität Trier, Mathematik/Informatik, Forschungsbericht"
"96-37 Universität Trier, Mathematik/Informatik, Forschungsbericht","Universität Trier, Mathematik/Informatik, Forschungsbericht"
"96-29 Universität Trier, Mathematik/Informatik, Forschungsbericht","Universität Trier, Mathematik/Informatik, Forschungsbericht"
"96-33 Universität Trier, Mathematik/Informatik, Forschungsbericht","Universität Trier, Mathematik/Informatik, Forschungsbericht"
"97-06 Universität Trier, Mathematik/Informatik, Forschungsbericht","Universität Trier, Mathematik/Informatik, Forschungsbericht"
"93-01 Universität Trier, Mathematik/Informatik, Forschungsbericht","Universität Trier, Mathematik/Informatik, Forschungsbericht"
"93-21 Universität Trier, Mathematik/Informatik, Forschungsbericht","Universität Trier, Mathematik/Informatik, Forschungsbericht"
"01-06 Universität Trier, Mathematik/Informatik, Forschungsbericht","Universität Trier, Mathematik/Informatik, Forschungsbericht"
"97-08 Universität Trier, Mathematik/Informatik, Forschungsbericht","Universität Trier, Mathematik/Informatik, Forschungsbericht"
"92-24 Universität Trier, Mathematik/Informatik, Forschungsbericht","Universität Trier, Mathematik/Informatik, Forschungsbericht"
"96-31 Universität Trier, Mathematik/Informatik, Forschungsbericht","Universität Trier, Mathematik/Informatik, Forschungsbericht"
"94-11 Universität Trier, Mathematik/Informatik, Forschungsbericht","Universität Trier, Mathematik/Informatik, Forschungsbericht"
"98-29 Universität Trier, Mathematik/Informatik, Forschungsbericht","Universität Trier, Mathematik/Informatik, Forschungsbericht"
"96-38 Universität Trier, Mathematik/Informatik, Forschungsbericht","Universität Trier, Mathematik/Informatik, Forschungsbericht"
"97-23 Universität Trier, Mathematik/Informatik, Forschungsbericht","Universität Trier, Mathematik/Informatik, Forschungsbericht"
"03-03 Universität Trier, Mathematik/Informatik, Forschungsbericht","Universität Trier, Mathematik/Informatik, Forschungsbericht"
"99-11 Universität Trier, Mathematik/Informatik, Forschungsbericht","Universität Trier, Mathematik/Informatik, Forschungsbericht"
"94-14 Universität Trier, Mathematik/Informatik, Forschungsbericht","Universität Trier, Mathematik/Informatik, Forschungsbericht"
"98-21 Universität Trier, Mathematik/Informatik, Forschungsbericht","Universität Trier, Mathematik/Informatik, Forschungsbericht"
"97-04 Universität Trier, Mathematik/Informatik, Forschungsbericht","Universität Trier, Mathematik/Informatik, Forschungsbericht"
"96-12 Universität Trier, Mathematik/Informatik, Forschungsbericht","Universität Trier, Mathematik/Informatik, Forschungsbericht"
"92-27 Universität Trier, Mathematik/Informatik, Forschungsbericht","Universität Trier, Mathematik/Informatik, Forschungsbericht"
"95-06 Universität Trier, Mathematik/Informatik, Forschungsbericht","Universität Trier, Mathematik/Informatik, Forschungsbericht"
"93-11 Universität Trier, Mathematik/Informatik, Forschungsbericht","Universität Trier, Mathematik/Informatik, Forschungsbericht"
"02-19 Universität Trier, Mathematik/Informatik, Forschungsbericht","Universität Trier, Mathematik/Informatik, Forschungsbericht"
"96-15 Universität Trier, Mathematik/Informatik, Forschungsbericht","Universität Trier, Mathematik/Informatik, Forschungsbericht"
"04-01 Universität Trier, Mathematik/Informatik, Forschungsbericht","Universität Trier, Mathematik/Informatik, Forschungsbericht"
"96-41 Universität Trier, Mathematik/Informatik, Forschungsbericht","Universität Trier, Mathematik/Informatik, Forschungsbericht"
"06-01 Universität Trier, Mathematik/Informatik, Forschungsbericht","Universität Trier, Mathematik/Informatik, Forschungsbericht"
"96-03 Universität Trier, Mathematik/Informatik, Forschungsbericht","Universität Trier, Mathematik/Informatik, Forschungsbericht"
"96-35 Universität Trier, Mathematik/Informatik, Forschungsbericht","Universität Trier, Mathematik/Informatik, Forschungsbericht"
"92-20 Universität Trier, Mathematik/Informatik, Forschungsbericht","Universität Trier, Mathematik/Informatik, Forschungsbericht"
"99-13 Universität Trier, Mathematik/Informatik, Forschungsbericht","Universität Trier, Mathematik/Informatik, Forschungsbericht"
"97-05 Universität Trier, Mathematik/Informatik, Forschungsbericht","Universität Trier, Mathematik/Informatik, Forschungsbericht"
"94-09 Universität Trier, Mathematik/Informatik, Forschungsbericht","Universität Trier, Mathematik/Informatik, Forschungsbericht"
"02-20 Universität Trier, Mathematik/Informatik, Forschungsbericht","Universität Trier, Mathematik/Informatik, Forschungsbericht"
"02-23 Universität Trier, Mathematik/Informatik, Forschungsbericht","Universität Trier, Mathematik/Informatik, Forschungsbericht"
"99-27 Universität Trier, Mathematik/Informatik, Forschungsbericht","Universität Trier, Mathematik/Informatik, Forschungsbericht"
"98-05 Universität Trier, Mathematik/Informatik, Forschungsbericht","Universität Trier, Mathematik/Informatik, Forschungsbericht"
"95-04 Universität Trier, Mathematik/Informatik, Forschungsbericht","Universität Trier, Mathematik/Informatik, Forschungsbericht"
"98-23 Universität Trier, Mathematik/Informatik, Forschungsbericht","Universität Trier, Mathematik/Informatik, Forschungsbericht"
"01-03 Universität Trier, Mathematik/Informatik, Forschungsbericht","Universität Trier, Mathematik/Informatik, Forschungsbericht"
"93-14 Universität Trier, Mathematik/Informatik, Forschungsbericht","Universität Trier, Mathematik/Informatik, Forschungsbericht"
"97-27 Universität Trier, Mathematik/Informatik, Forschungsbericht","Universität Trier, Mathematik/Informatik, Forschungsbericht"
"01-13 Universität Trier, Mathematik/Informatik, Forschungsbericht","Universität Trier, Mathematik/Informatik, Forschungsbericht"
"96-24 Universität Trier, Mathematik/Informatik, Forschungsbericht","Universität Trier, Mathematik/Informatik, Forschungsbericht"
"93-18 Universität Trier, Mathematik/Informatik, Forschungsbericht","Universität Trier, Mathematik/Informatik, Forschungsbericht"
"96-01 Universität Trier, Mathematik/Informatik, Forschungsbericht","Universität Trier, Mathematik/Informatik, Forschungsbericht"
"99-06 Universität Trier, Mathematik/Informatik, Forschungsbericht","Universität Trier, Mathematik/Informatik, Forschungsbericht"
"93-16 Universität Trier, Mathematik/Informatik, Forschungsbericht","Universität Trier, Mathematik/Informatik, Forschungsbericht"
"01-09 Universität Trier, Mathematik/Informatik, Forschungsbericht","Universität Trier, Mathematik/Informatik, Forschungsbericht"
"98-10 Universität Trier, Mathematik/Informatik, Forschungsbericht","Universität Trier, Mathematik/Informatik, Forschungsbericht"
"98-16 Universität Trier, Mathematik/Informatik, Forschungsbericht","Universität Trier, Mathematik/Informatik, Forschungsbericht"
"03-04 Universität Trier, Mathematik/Informatik, Forschungsbericht","Universität Trier, Mathematik/Informatik, Forschungsbericht"
"95-14 Universität Trier, Mathematik/Informatik, Forschungsbericht","Universität Trier, Mathematik/Informatik, Forschungsbericht"
"95-18 Universität Trier, Mathematik/Informatik, Forschungsbericht","Universität Trier, Mathematik/Informatik, Forschungsbericht"
"94-03 Universität Trier, Mathematik/Informatik, Forschungsbericht","Universität Trier, Mathematik/Informatik, Forschungsbericht"
"97-13 Universität Trier, Mathematik/Informatik, Forschungsbericht","Universität Trier, Mathematik/Informatik, Forschungsbericht"
"95-20 Universität Trier, Mathematik/Informatik, Forschungsbericht","Universität Trier, Mathematik/Informatik, Forschungsbericht"
"96-19 Universität Trier, Mathematik/Informatik, Forschungsbericht","Universität Trier, Mathematik/Informatik, Forschungsbericht"
"99-02 Universität Trier, Mathematik/Informatik, Forschungsbericht","Universität Trier, Mathematik/Informatik, Forschungsbericht"
"95-13 Universität Trier, Mathematik/Informatik, Forschungsbericht","Universität Trier, Mathematik/Informatik, Forschungsbericht"
"00-07 Universität Trier, Mathematik/Informatik, Forschungsbericht","Universität Trier, Mathematik/Informatik, Forschungsbericht"
"96-30 Universität Trier, Mathematik/Informatik, Forschungsbericht","Universität Trier, Mathematik/Informatik, Forschungsbericht"
"92-06 Universität Trier, Mathematik/Informatik, Forschungsbericht","Universität Trier, Mathematik/Informatik, Forschungsbericht"
"01-12 Universität Trier, Mathematik/Informatik, Forschungsbericht","Universität Trier, Mathematik/Informatik, Forschungsbericht"
"01-20 Universität Trier, Mathematik/Informatik, Forschungsbericht","Universität Trier, Mathematik/Informatik, Forschungsbericht"
"97-03 Universität Trier, Mathematik/Informatik, Forschungsbericht","Universität Trier, Mathematik/Informatik, Forschungsbericht"
"01-19 Universität Trier, Mathematik/Informatik, Forschungsbericht","Universität Trier, Mathematik/Informatik, Forschungsbericht"
"98-27 Universität Trier, Mathematik/Informatik, Forschungsbericht","Universität Trier, Mathematik/Informatik, Forschungsbericht"
"93-23 Universität Trier, Mathematik/Informatik, Forschungsbericht","Universität Trier, Mathematik/Informatik, Forschungsbericht"
"98-19 Universität Trier, Mathematik/Informatik, Forschungsbericht","Universität Trier, Mathematik/Informatik, Forschungsbericht"
"98-24 Universität Trier, Mathematik/Informatik, Forschungsbericht","Universität Trier, Mathematik/Informatik, Forschungsbericht"
"96-39 Universität Trier, Mathematik/Informatik, Forschungsbericht","Universität Trier, Mathematik/Informatik, Forschungsbericht"
"96-42 Universität Trier, Mathematik/Informatik, Forschungsbericht","Universität Trier, Mathematik/Informatik, Forschungsbericht"
"96-34 Universität Trier, Mathematik/Informatik, Forschungsbericht","Universität Trier, Mathematik/Informatik, Forschungsbericht"
"97-01 Universität Trier, Mathematik/Informatik, Forschungsbericht","Universität Trier, Mathematik/Informatik, Forschungsbericht"
"98-32 Universität Trier, Mathematik/Informatik, Forschungsbericht","Universität Trier, Mathematik/Informatik, Forschungsbericht"
"99-20 Universität Trier, Mathematik/Informatik, Forschungsbericht","Universität Trier, Mathematik/Informatik, Forschungsbericht"
"02-07 Universität Trier, Mathematik/Informatik, Forschungsbericht","Universität Trier, Mathematik/Informatik, Forschungsbericht"
"92-16 Universität Trier, Mathematik/Informatik, Forschungsbericht","Universität Trier, Mathematik/Informatik, Forschungsbericht"
"92-22 Universität Trier, Mathematik/Informatik, Forschungsbericht","Universität Trier, Mathematik/Informatik, Forschungsbericht"
"96-04 Universität Trier, Mathematik/Informatik, Forschungsbericht","Universität Trier, Mathematik/Informatik, Forschungsbericht"
"02-05 Universität Trier, Mathematik/Informatik, Forschungsbericht","Universität Trier, Mathematik/Informatik, Forschungsbericht"
"96-46 Universität Trier, Mathematik/Informatik, Forschungsbericht","Universität Trier, Mathematik/Informatik, Forschungsbericht"
"93-10 Universität Trier, Mathematik/Informatik, Forschungsbericht","Universität Trier, Mathematik/Informatik, Forschungsbericht"
"95-24 Universität Trier, Mathematik/Informatik, Forschungsbericht","Universität Trier, Mathematik/Informatik, Forschungsbericht"
"97-20 Universität Trier, Mathematik/Informatik, Forschungsbericht","Universität Trier, Mathematik/Informatik, Forschungsbericht"
"92-14 Universität Trier, Mathematik/Informatik, Forschungsbericht","Universität Trier, Mathematik/Informatik, Forschungsbericht"
"04-05 Universität Trier, Mathematik/Informatik, Forschungsbericht","Universität Trier, Mathematik/Informatik, Forschungsbericht"
"98-08 Universität Trier, Mathematik/Informatik, Forschungsbericht","Universität Trier, Mathematik/Informatik, Forschungsbericht"
"99-05 Universität Trier, Mathematik/Informatik, Forschungsbericht","Universität Trier, Mathematik/Informatik, Forschungsbericht"
"98-09 Universität Trier, Mathematik/Informatik, Forschungsbericht","Universität Trier, Mathematik/Informatik, Forschungsbericht"
"97-21 Universität Trier, Mathematik/Informatik, Forschungsbericht","Universität Trier, Mathematik/Informatik, Forschungsbericht"
"02-15 Universität Trier, Mathematik/Informatik, Forschungsbericht","Universität Trier, Mathematik/Informatik, Forschungsbericht"
"92-09 Universität Trier, Mathematik/Informatik, Forschungsbericht","Universität Trier, Mathematik/Informatik, Forschungsbericht"
"97-22 Universität Trier, Mathematik/Informatik, Forschungsbericht","Universität Trier, Mathematik/Informatik, Forschungsbericht"
"97-17 Universität Trier, Mathematik/Informatik, Forschungsbericht","Universität Trier, Mathematik/Informatik, Forschungsbericht"
"00-02 Universität Trier, Mathematik/Informatik, Forschungsbericht","Universität Trier, Mathematik/Informatik, Forschungsbericht"
"92-04 Universität Trier, Mathematik/Informatik, Forschungsbericht","Universität Trier, Mathematik/Informatik, Forschungsbericht"
"94-16 Universität Trier, Mathematik/Informatik, Forschungsbericht","Universität Trier, Mathematik/Informatik, Forschungsbericht"
"02-13 Universität Trier, Mathematik/Informatik, Forschungsbericht","Universität Trier, Mathematik/Informatik, Forschungsbericht"
"99-09 Universität Trier, Mathematik/Informatik, Forschungsbericht","Universität Trier, Mathematik/Informatik, Forschungsbericht"
"99-07 Universität Trier, Mathematik/Informatik, Forschungsbericht","Universität Trier, Mathematik/Informatik, Forschungsbericht"
"93-05 Universität Trier, Mathematik/Informatik, Forschungsbericht","Universität Trier, Mathematik/Informatik, Forschungsbericht"
"95-15 Universität Trier, Mathematik/Informatik, Forschungsbericht","Universität Trier, Mathematik/Informatik, Forschungsbericht"
"95-05 Universität Trier, Mathematik/Informatik, Forschungsbericht","Universität Trier, Mathematik/Informatik, Forschungsbericht"
"99-19 Universität Trier, Mathematik/Informatik, Forschungsbericht","Universität Trier, Mathematik/Informatik, Forschungsbericht"
"97-18 Universität Trier, Mathematik/Informatik, Forschungsbericht","Universität Trier, Mathematik/Informatik, Forschungsbericht"
"99-14 Universität Trier, Mathematik/Informatik, Forschungsbericht","Universität Trier, Mathematik/Informatik, Forschungsbericht"
"94-01 Universität Trier, Mathematik/Informatik, Forschungsbericht","Universität Trier, Mathematik/Informatik, Forschungsbericht"
"92-25 Universität Trier, Mathematik/Informatik, Forschungsbericht","Universität Trier, Mathematik/Informatik, Forschungsbericht"
"98-31 Universität Trier, Mathematik/Informatik, Forschungsbericht","Universität Trier, Mathematik/Informatik, Forschungsbericht"
"02-22 Universität Trier, Mathematik/Informatik, Forschungsbericht","Universität Trier, Mathematik/Informatik, Forschungsbericht"
"01-16 Universität Trier, Mathematik/Informatik, Forschungsbericht","Universität Trier, Mathematik/Informatik, Forschungsbericht"
"93-03 Universität Trier, Mathematik/Informatik, Forschungsbericht","Universität Trier, Mathematik/Informatik, Forschungsbericht"
"95-19 Universität Trier, Mathematik/Informatik, Forschungsbericht","Universität Trier, Mathematik/Informatik, Forschungsbericht"
"94-18 Universität Trier, Mathematik/Informatik, Forschungsbericht","Universität Trier, Mathematik/Informatik, Forschungsbericht"
"92-08 Universität Trier, Mathematik/Informatik, Forschungsbericht","Universität Trier, Mathematik/Informatik, Forschungsbericht"
"01-08 Universität Trier, Mathematik/Informatik, Forschungsbericht","Universität Trier, Mathematik/Informatik, Forschungsbericht"
"96-27 Universität Trier, Mathematik/Informatik, Forschungsbericht","Universität Trier, Mathematik/Informatik, Forschungsbericht"
"02-12 Universität Trier, Mathematik/Informatik, Forschungsbericht","Universität Trier, Mathematik/Informatik, Forschungsbericht"
"97-10 Universität Trier, Mathematik/Informatik, Forschungsbericht","Universität Trier, Mathematik/Informatik, Forschungsbericht"
"96-07 Universität Trier, Mathematik/Informatik, Forschungsbericht","Universität Trier, Mathematik/Informatik, Forschungsbericht"
"94-17 Universität Trier, Mathematik/Informatik, Forschungsbericht","Universität Trier, Mathematik/Informatik, Forschungsbericht"
"01-01 Universität Trier, Mathematik/Informatik, Forschungsbericht","Universität Trier, Mathematik/Informatik, Forschungsbericht"
"95-11 Universität Trier, Mathematik/Informatik, Forschungsbericht","Universität Trier, Mathematik/Informatik, Forschungsbericht"
"04-04 Universität Trier, Mathematik/Informatik, Forschungsbericht","Universität Trier, Mathematik/Informatik, Forschungsbericht"
"95-12 Universität Trier, Mathematik/Informatik, Forschungsbericht","Universität Trier, Mathematik/Informatik, Forschungsbericht"
"99-16 Universität Trier, Mathematik/Informatik, Forschungsbericht","Universität Trier, Mathematik/Informatik, Forschungsbericht"
"92-10 Universität Trier, Mathematik/Informatik, Forschungsbericht","Universität Trier, Mathematik/Informatik, Forschungsbericht"
"92-21 Universität Trier, Mathematik/Informatik, Forschungsbericht","Universität Trier, Mathematik/Informatik, Forschungsbericht"
"00-08 Universität Trier, Mathematik/Informatik, Forschungsbericht","Universität Trier, Mathematik/Informatik, Forschungsbericht"
"95-22 Universität Trier, Mathematik/Informatik, Forschungsbericht","Universität Trier, Mathematik/Informatik, Forschungsbericht"
"95-03 Universität Trier, Mathematik/Informatik, Forschungsbericht","Universität Trier, Mathematik/Informatik, Forschungsbericht"
"92-18 Universität Trier, Mathematik/Informatik, Forschungsbericht","Universität Trier, Mathematik/Informatik, Forschungsbericht"
"96-21 Universität Trier, Mathematik/Informatik, Forschungsbericht","Universität Trier, Mathematik/Informatik, Forschungsbericht"
"92-13 Universität Trier, Mathematik/Informatik, Forschungsbericht","Universität Trier, Mathematik/Informatik, Forschungsbericht"
"98-26 Universität Trier, Mathematik/Informatik, Forschungsbericht","Universität Trier, Mathematik/Informatik, Forschungsbericht"
"00-03 Universität Trier, Mathematik/Informatik, Forschungsbericht","Universität Trier, Mathematik/Informatik, Forschungsbericht"
"99-10 Universität Trier, Mathematik/Informatik, Forschungsbericht","Universität Trier, Mathematik/Informatik, Forschungsbericht"
"02-16 Universität Trier, Mathematik/Informatik, Forschungsbericht","Universität Trier, Mathematik/Informatik, Forschungsbericht"
"96-36 Universität Trier, Mathematik/Informatik, Forschungsbericht","Universität Trier, Mathematik/Informatik, Forschungsbericht"
"98-30 Universität Trier, Mathematik/Informatik, Forschungsbericht","Universität Trier, Mathematik/Informatik, Forschungsbericht"
"01-15 Universität Trier, Mathematik/Informatik, Forschungsbericht","Universität Trier, Mathematik/Informatik, Forschungsbericht"
"00-06 Universität Trier, Mathematik/Informatik, Forschungsbericht","Universität Trier, Mathematik/Informatik, Forschungsbericht"
"97-14 Universität Trier, Mathematik/Informatik, Forschungsbericht","Universität Trier, Mathematik/Informatik, Forschungsbericht"
"99-03 Universität Trier, Mathematik/Informatik, Forschungsbericht","Universität Trier, Mathematik/Informatik, Forschungsbericht"
"95-23 Universität Trier, Mathematik/Informatik, Forschungsbericht","Universität Trier, Mathematik/Informatik, Forschungsbericht"
"92-19 Universität Trier, Mathematik/Informatik, Forschungsbericht","Universität Trier, Mathematik/Informatik, Forschungsbericht"
"99-22 Universität Trier, Mathematik/Informatik, Forschungsbericht","Universität Trier, Mathematik/Informatik, Forschungsbericht"
"92-01 Universität Trier, Mathematik/Informatik, Forschungsbericht","Universität Trier, Mathematik/Informatik, Forschungsbericht"
"97-28 Universität Trier, Mathematik/Informatik, Forschungsbericht","Universität Trier, Mathematik/Informatik, Forschungsbericht"
"96-28 Universität Trier, Mathematik/Informatik, Forschungsbericht","Universität Trier, Mathematik/Informatik, Forschungsbericht"
"94-07 Universität Trier, Mathematik/Informatik, Forschungsbericht","Universität Trier, Mathematik/Informatik, Forschungsbericht"
"96-10 Universität Trier, Mathematik/Informatik, Forschungsbericht","Universität Trier, Mathematik/Informatik, Forschungsbericht"
"00-09 Universität Trier, Mathematik/Informatik, Forschungsbericht","Universität Trier, Mathematik/Informatik, Forschungsbericht"
"96-40 Universität Trier, Mathematik/Informatik, Forschungsbericht","Universität Trier, Mathematik/Informatik, Forschungsbericht"
"95-08 Universität Trier, Mathematik/Informatik, Forschungsbericht","Universität Trier, Mathematik/Informatik, Forschungsbericht"
"96-43 Universität Trier, Mathematik/Informatik, Forschungsbericht","Universität Trier, Mathematik/Informatik, Forschungsbericht"
"99-30 Universität Trier, Mathematik/Informatik, Forschungsbericht","Universität Trier, Mathematik/Informatik, Forschungsbericht"
"93-09 Universität Trier, Mathematik/Informatik, Forschungsbericht","Universität Trier, Mathematik/Informatik, Forschungsbericht"
"06-04 Universität Trier, Mathematik/Informatik, Forschungsbericht","Universität Trier, Mathematik/Informatik, Forschungsbericht"
"96-18 Universität Trier, Mathematik/Informatik, Forschungsbericht","Universität Trier, Mathematik/Informatik, Forschungsbericht"
"98-02 Universität Trier, Mathematik/Informatik, Forschungsbericht","Universität Trier, Mathematik/Informatik, Forschungsbericht"
"00-10 Universität Trier, Mathematik/Informatik, Forschungsbericht","Universität Trier, Mathematik/Informatik, Forschungsbericht"
"95-16 Universität Trier, Mathematik/Informatik, Forschungsbericht","Universität Trier, Mathematik/Informatik, Forschungsbericht"
"01-02 Universität Trier, Mathematik/Informatik, Forschungsbericht","Universität Trier, Mathematik/Informatik, Forschungsbericht"
"93-06 Universität Trier, Mathematik/Informatik, Forschungsbericht","Universität Trier, Mathematik/Informatik, Forschungsbericht"
"96-45 Universität Trier, Mathematik/Informatik, Forschungsbericht","Universität Trier, Mathematik/Informatik, Forschungsbericht"
"92-11 Universität Trier, Mathematik/Informatik, Forschungsbericht","Universität Trier, Mathematik/Informatik, Forschungsbericht"
"95-17 Universität Trier, Mathematik/Informatik, Forschungsbericht","Universität Trier, Mathematik/Informatik, Forschungsbericht"
"04-07 Universität Trier, Mathematik/Informatik, Forschungsbericht","Universität Trier, Mathematik/Informatik, Forschungsbericht"
"98-03 Universität Trier, Mathematik/Informatik, Forschungsbericht","Universität Trier, Mathematik/Informatik, Forschungsbericht"
"93-04 Universität Trier, Mathematik/Informatik, Forschungsbericht","Universität Trier, Mathematik/Informatik, Forschungsbericht"
"93-15 Universität Trier, Mathematik/Informatik, Forschungsbericht","Universität Trier, Mathematik/Informatik, Forschungsbericht"
"93-07 Universität Trier, Mathematik/Informatik, Forschungsbericht","Universität Trier, Mathematik/Informatik, Forschungsbericht"
"01-11 Universität Trier, Mathematik/Informatik, Forschungsbericht","Universität Trier, Mathematik/Informatik, Forschungsbericht"
"00-04 Universität Trier, Mathematik/Informatik, Forschungsbericht","Universität Trier, Mathematik/Informatik, Forschungsbericht"
"02-02 Universität Trier, Mathematik/Informatik, Forschungsbericht","Universität Trier, Mathematik/Informatik, Forschungsbericht"
"97-11 Universität Trier, Mathematik/Informatik, Forschungsbericht","Universität Trier, Mathematik/Informatik, Forschungsbericht"
"99-15 Universität Trier, Mathematik/Informatik, Forschungsbericht","Universität Trier, Mathematik/Informatik, Forschungsbericht"
"97-16 Universität Trier, Mathematik/Informatik, Forschungsbericht","Universität Trier, Mathematik/Informatik, Forschungsbericht"
"96-11 Universität Trier, Mathematik/Informatik, Forschungsbericht","Universität Trier, Mathematik/Informatik, Forschungsbericht"
"94-12 Universität Trier, Mathematik/Informatik, Forschungsbericht","Universität Trier, Mathematik/Informatik, Forschungsbericht"
"02-04 Universität Trier, Mathematik/Informatik, Forschungsbericht","Universität Trier, Mathematik/Informatik, Forschungsbericht"
"92-07 Universität Trier, Mathematik/Informatik, Forschungsbericht","Universität Trier, Mathematik/Informatik, Forschungsbericht"
"99-18 Universität Trier, Mathematik/Informatik, Forschungsbericht","Universität Trier, Mathematik/Informatik, Forschungsbericht"
"01-14 Universität Trier, Mathematik/Informatik, Forschungsbericht","Universität Trier, Mathematik/Informatik, Forschungsbericht"
"97-07 Universität Trier, Mathematik/Informatik, Forschungsbericht","Universität Trier, Mathematik/Informatik, Forschungsbericht"
"95-02 Universität Trier, Mathematik/Informatik, Forschungsbericht","Universität Trier, Mathematik/Informatik, Forschungsbericht"
"95-09 Universität Trier, Mathematik/Informatik, Forschungsbericht","Universität Trier, Mathematik/Informatik, Forschungsbericht"
"02-10 Universität Trier, Mathematik/Informatik, Forschungsbericht","Universität Trier, Mathematik/Informatik, Forschungsbericht"
"94-04 Universität Trier, Mathematik/Informatik, Forschungsbericht","Universität Trier, Mathematik/Informatik, Forschungsbericht"
"92-12 Universität Trier, Mathematik/Informatik, Forschungsbericht","Universität Trier, Mathematik/Informatik, Forschungsbericht"
"92-05 Universität Trier, Mathematik/Informatik, Forschungsbericht","Universität Trier, Mathematik/Informatik, Forschungsbericht"
"03-05 Universität Trier, Mathematik/Informatik, Forschungsbericht","Universität Trier, Mathematik/Informatik, Forschungsbericht"
"94-15 Universität Trier, Mathematik/Informatik, Forschungsbericht","Universität Trier, Mathematik/Informatik, Forschungsbericht"
"93-12 Universität Trier, Mathematik/Informatik, Forschungsbericht","Universität Trier, Mathematik/Informatik, Forschungsbericht"
"97-15 Universität Trier, Mathematik/Informatik, Forschungsbericht","Universität Trier, Mathematik/Informatik, Forschungsbericht"
"93-02 Universität Trier, Mathematik/Informatik, Forschungsbericht","Universität Trier, Mathematik/Informatik, Forschungsbericht"
"00-11 Universität Trier, Mathematik/Informatik, Forschungsbericht","Universität Trier, Mathematik/Informatik, Forschungsbericht"
"94-08 Universität Trier, Mathematik/Informatik, Forschungsbericht","Universität Trier, Mathematik/Informatik, Forschungsbericht"
"99-25 Universität Trier, Mathematik/Informatik, Forschungsbericht","Universität Trier, Mathematik/Informatik, Forschungsbericht"
"95-10 Universität Trier, Mathematik/Informatik, Forschungsbericht","Universität Trier, Mathematik/Informatik, Forschungsbericht"
"01-18 Universität Trier, Mathematik/Informatik, Forschungsbericht","Universität Trier, Mathematik/Informatik, Forschungsbericht"
"96-14 Universität Trier, Mathematik/Informatik, Forschungsbericht","Universität Trier, Mathematik/Informatik, Forschungsbericht"
"96-02 Universität Trier, Mathematik/Informatik, Forschungsbericht","Universität Trier, Mathematik/Informatik, Forschungsbericht"
"94-02 Universität Trier, Mathematik/Informatik, Forschungsbericht","Universität Trier, Mathematik/Informatik, Forschungsbericht"
"98-25 Universität Trier, Mathematik/Informatik, Forschungsbericht","Universität Trier, Mathematik/Informatik, Forschungsbericht"
"06-02 Universität Trier, Mathematik/Informatik, Forschungsbericht","Universität Trier, Mathematik/Informatik, Forschungsbericht"
"02-17 Universität Trier, Mathematik/Informatik, Forschungsbericht","Universität Trier, Mathematik/Informatik, Forschungsbericht"
"93-19 Universität Trier, Mathematik/Informatik, Forschungsbericht","Universität Trier, Mathematik/Informatik, Forschungsbericht"
"98-01 Universität Trier, Mathematik/Informatik, Forschungsbericht","Universität Trier, Mathematik/Informatik, Forschungsbericht"
"02-09 Universität Trier, Mathematik/Informatik, Forschungsbericht","Universität Trier, Mathematik/Informatik, Forschungsbericht"
"98-11 Universität Trier, Mathematik/Informatik, Forschungsbericht","Universität Trier, Mathematik/Informatik, Forschungsbericht"
"96-06 Universität Trier, Mathematik/Informatik, Forschungsbericht","Universität Trier, Mathematik/Informatik, Forschungsbericht"
"94-13 Universität Trier, Mathematik/Informatik, Forschungsbericht","Universität Trier, Mathematik/Informatik, Forschungsbericht"
"97-12 Universität Trier, Mathematik/Informatik, Forschungsbericht","Universität Trier, Mathematik/Informatik, Forschungsbericht"
"93-24 Universität Trier, Mathematik/Informatik, Forschungsbericht","Universität Trier, Mathematik/Informatik, Forschungsbericht"
"96-25 Universität Trier, Mathematik/Informatik, Forschungsbericht","Universität Trier, Mathematik/Informatik, Forschungsbericht"
"99-08 Universität Trier, Mathematik/Informatik, Forschungsbericht","Universität Trier, Mathematik/Informatik, Forschungsbericht"
"96-13 Universität Trier, Mathematik/Informatik, Forschungsbericht","Universität Trier, Mathematik/Informatik, Forschungsbericht"
"97-25 Universität Trier, Mathematik/Informatik, Forschungsbericht","Universität Trier, Mathematik/Informatik, Forschungsbericht"
"00-13 Universität Trier, Mathematik/Informatik, Forschungsbericht","Universität Trier, Mathematik/Informatik, Forschungsbericht"
"96-09 Universität Trier, Mathematik/Informatik, Forschungsbericht","Universität Trier, Mathematik/Informatik, Forschungsbericht"
"99-29 Universität Trier, Mathematik/Informatik, Forschungsbericht","Universität Trier, Mathematik/Informatik, Forschungsbericht"
"01-17 Universität Trier, Mathematik/Informatik, Forschungsbericht","Universität Trier, Mathematik/Informatik, Forschungsbericht"
"94-06 Universität Trier, Mathematik/Informatik, Forschungsbericht","Universität Trier, Mathematik/Informatik, Forschungsbericht"
"98-20 Universität Trier, Mathematik/Informatik, Forschungsbericht","Universität Trier, Mathematik/Informatik, Forschungsbericht"
"02-03 Universität Trier, Mathematik/Informatik, Forschungsbericht","Universität Trier, Mathematik/Informatik, Forschungsbericht"
"96-05 Universität Trier, Mathematik/Informatik, Forschungsbericht","Universität Trier, Mathematik/Informatik, Forschungsbericht"
"98-28 Universität Trier, Mathematik/Informatik, Forschungsbericht","Universität Trier, Mathematik/Informatik, Forschungsbericht"
"96-08 Universität Trier, Mathematik/Informatik, Forschungsbericht","Universität Trier, Mathematik/Informatik, Forschungsbericht"
"04-03 Universität Trier, Mathematik/Informatik, Forschungsbericht","Universität Trier, Mathematik/Informatik, Forschungsbericht"
"95-07 Universität Trier, Mathematik/Informatik, Forschungsbericht","Universität Trier, Mathematik/Informatik, Forschungsbericht"
"95-01 Universität Trier, Mathematik/Informatik, Forschungsbericht","Universität Trier, Mathematik/Informatik, Forschungsbericht"
"99-01 Universität Trier, Mathematik/Informatik, Forschungsbericht","Universität Trier, Mathematik/Informatik, Forschungsbericht"
"02-06 Universität Trier, Mathematik/Informatik, Forschungsbericht","Universität Trier, Mathematik/Informatik, Forschungsbericht"
"03-06 Universität Trier, Mathematik/Informatik, Forschungsbericht","Universität Trier, Mathematik/Informatik, Forschungsbericht"
"01-10 Universität Trier, Mathematik/Informatik, Forschungsbericht","Universität Trier, Mathematik/Informatik, Forschungsbericht"
"98-15 Universität Trier, Mathematik/Informatik, Forschungsbericht","Universität Trier, Mathematik/Informatik, Forschungsbericht"
"98-22 Universität Trier, Mathematik/Informatik, Forschungsbericht","Universität Trier, Mathematik/Informatik, Forschungsbericht"
"03-02 Universität Trier, Mathematik/Informatik, Forschungsbericht","Universität Trier, Mathematik/Informatik, Forschungsbericht"
"97-26 Universität Trier, Mathematik/Informatik, Forschungsbericht","Universität Trier, Mathematik/Informatik, Forschungsbericht"
"93-13 Universität Trier, Mathematik/Informatik, Forschungsbericht","Universität Trier, Mathematik/Informatik, Forschungsbericht"
"02-11 Universität Trier, Mathematik/Informatik, Forschungsbericht","Universität Trier, Mathematik/Informatik, Forschungsbericht"
"99-21 Universität Trier, Mathematik/Informatik, Forschungsbericht","Universität Trier, Mathematik/Informatik, Forschungsbericht"
"00-12 Universität Trier, Mathematik/Informatik, Forschungsbericht","Universität Trier, Mathematik/Informatik, Forschungsbericht"
"99-04 Universität Trier, Mathematik/Informatik, Forschungsbericht","Universität Trier, Mathematik/Informatik, Forschungsbericht"
"02-14 Universität Trier, Mathematik/Informatik, Forschungsbericht","Universität Trier, Mathematik/Informatik, Forschungsbericht"
"96-23 Universität Trier, Mathematik/Informatik, Forschungsbericht","Universität Trier, Mathematik/Informatik, Forschungsbericht"
"93-22 Universität Trier, Mathematik/Informatik, Forschungsbericht","Universität Trier, Mathematik/Informatik, Forschungsbericht"
"99-24 Universität Trier, Mathematik/Informatik, Forschungsbericht","Universität Trier, Mathematik/Informatik, Forschungsbericht"
"95-21 Universität Trier, Mathematik/Informatik, Forschungsbericht","Universität Trier, Mathematik/Informatik, Forschungsbericht"
"04-06 Universität Trier, Mathematik/Informatik, Forschungsbericht","Universität Trier, Mathematik/Informatik, Forschungsbericht"
"93-08 Universität Trier, Mathematik/Informatik, Forschungsbericht","Universität Trier, Mathematik/Informatik, Forschungsbericht"
"99-28 Universität Trier, Mathematik/Informatik, Forschungsbericht","Universität Trier, Mathematik/Informatik, Forschungsbericht"
"99-23 Universität Trier, Mathematik/Informatik, Forschungsbericht","Universität Trier, Mathematik/Informatik, Forschungsbericht"
"02-01 Universität Trier, Mathematik/Informatik, Forschungsbericht","Universität Trier, Mathematik/Informatik, Forschungsbericht"
"92-02 Universität Trier, Mathematik/Informatik, Forschungsbericht","Universität Trier, Mathematik/Informatik, Forschungsbericht"
"96-20 Universität Trier, Mathematik/Informatik, Forschungsbericht","Universität Trier, Mathematik/Informatik, Forschungsbericht"
"98-13 Universität Trier, Mathematik/Informatik, Forschungsbericht","Universität Trier, Mathematik/Informatik, Forschungsbericht"
"01-07 Universität Trier, Mathematik/Informatik, Forschungsbericht","Universität Trier, Mathematik/Informatik, Forschungsbericht"
"93-20 Universität Trier, Mathematik/Informatik, Forschungsbericht","Universität Trier, Mathematik/Informatik, Forschungsbericht"
"97-02 Universität Trier, Mathematik/Informatik, Forschungsbericht","Universität Trier, Mathematik/Informatik, Forschungsbericht"
"92-03 Universität Trier, Mathematik/Informatik, Forschungsbericht","Universität Trier, Mathematik/Informatik, Forschungsbericht"
"92-28 Universität Trier, Mathematik/Informatik, Forschungsbericht","Universität Trier, Mathematik/Informatik, Forschungsbericht"
"93-17 Universität Trier, Mathematik/Informatik, Forschungsbericht","Universität Trier, Mathematik/Informatik, Forschungsbericht"
"02-18 Universität Trier, Mathematik/Informatik, Forschungsbericht","Universität Trier, Mathematik/Informatik, Forschungsbericht"
"02-08 Universität Trier, Mathematik/Informatik, Forschungsbericht","Universität Trier, Mathematik/Informatik, Forschungsbericht"
"92-23 Universität Trier, Mathematik/Informatik, Forschungsbericht","Universität Trier, Mathematik/Informatik, Forschungsbericht"
"98-18 Universität Trier, Mathematik/Informatik, Forschungsbericht","Universität Trier, Mathematik/Informatik, Forschungsbericht"
"92-15 Universität Trier, Mathematik/Informatik, Forschungsbericht","Universität Trier, Mathematik/Informatik, Forschungsbericht"
"IC-12-08 Technical Report","Technical Report"
"TUM I 9132 Forschungsberichte, TU Munich","Forschungsberichte, TU Munich"
"TUM M 9006 Forschungsberichte, TU Munich","Forschungsberichte, TU Munich"
"TUM I 9332 Forschungsberichte, TU Munich","Forschungsberichte, TU Munich"
"TUM I 9304 Forschungsberichte, TU Munich","Forschungsberichte, TU Munich"
"TUM I 9125 Forschungsberichte, TU Munich","Forschungsberichte, TU Munich"
"TUM I 9229 Forschungsberichte, TU Munich","Forschungsberichte, TU Munich"
"TUM I 9317 Forschungsberichte, TU Munich","Forschungsberichte, TU Munich"
"TUM I 9051 Forschungsberichte, TU Munich","Forschungsberichte, TU Munich"
"TUM I 9044 Forschungsberichte, TU Munich","Forschungsberichte, TU Munich"
"FKI 91 88 Forschungsberichte, TU Munich","Forschungsberichte, TU Munich"
"TUM I 9014 Forschungsberichte, TU Munich","Forschungsberichte, TU Munich"
"TUM I 9318 Forschungsberichte, TU Munich","Forschungsberichte, TU Munich"
"TUM I 9314 Forschungsberichte, TU Munich","Forschungsberichte, TU Munich"
"TUM I 9043 Forschungsberichte, TU Munich","Forschungsberichte, TU Munich"
"TUM M 9005 Forschungsberichte, TU Munich","Forschungsberichte, TU Munich"
"TUM I 9024 Forschungsberichte, TU Munich","Forschungsberichte, TU Munich"
"TUM I 8909 Forschungsberichte, TU Munich","Forschungsberichte, TU Munich"
"TUM I 9307 Forschungsberichte, TU Munich","Forschungsberichte, TU Munich"
"FKI 137 90 Forschungsberichte, TU Munich","Forschungsberichte, TU Munich"
"TUM I 9102 Forschungsberichte, TU Munich","Forschungsberichte, TU Munich"
"TUM A 9016 Forschungsberichte, TU Munich","Forschungsberichte, TU Munich"
"FKI 151 91 Forschungsberichte, TU Munich","Forschungsberichte, TU Munich"
"TUM I 9129 Forschungsberichte, TU Munich","Forschungsberichte, TU Munich"
"FKI 99 89 Forschungsberichte, TU Munich","Forschungsberichte, TU Munich"
"FKI 88 88 Forschungsberichte, TU Munich","Forschungsberichte, TU Munich"
"FKI 135 90 Forschungsberichte, TU Munich","Forschungsberichte, TU Munich"
"TUM I 9218 Forschungsberichte, TU Munich","Forschungsberichte, TU Munich"
"TUM I 9208 Forschungsberichte, TU Munich","Forschungsberichte, TU Munich"
"TUM I 9116 Forschungsberichte, TU Munich","Forschungsberichte, TU Munich"
"TUM I 9137 Forschungsberichte, TU Munich","Forschungsberichte, TU Munich"
"TUM I 9225 Forschungsberichte, TU Munich","Forschungsberichte, TU Munich"
"FKI 101 89 Forschungsberichte, TU Munich","Forschungsberichte, TU Munich"
"TUM I 9233 Forschungsberichte, TU Munich","Forschungsberichte, TU Munich"
"FKI 90 88 Forschungsberichte, TU Munich","Forschungsberichte, TU Munich"
"FKI 148 91 Forschungsberichte, TU Munich","Forschungsberichte, TU Munich"
"TUM I 9038 Forschungsberichte, TU Munich","Forschungsberichte, TU Munich"
"FKI 93 88 Forschungsberichte, TU Munich","Forschungsberichte, TU Munich"
"TUM I 9120 Forschungsberichte, TU Munich","Forschungsberichte, TU Munich"
"TUM I 9004 Forschungsberichte, TU Munich","Forschungsberichte, TU Munich"
"TUM I 9237 Forschungsberichte, TU Munich","Forschungsberichte, TU Munich"
"TUM I 9118 Forschungsberichte, TU Munich","Forschungsberichte, TU Munich"
"TUM I 9234 Forschungsberichte, TU Munich","Forschungsberichte, TU Munich"
"TUM M 9009 Forschungsberichte, TU Munich","Forschungsberichte, TU Munich"
"TUM I 9328 Forschungsberichte, TU Munich","Forschungsberichte, TU Munich"
"TUM I 9133 Forschungsberichte, TU Munich","Forschungsberichte, TU Munich"
"TUM I 9303 Forschungsberichte, TU Munich","Forschungsberichte, TU Munich"
"FKI 162 91 Forschungsberichte, TU Munich","Forschungsberichte, TU Munich"
"TUM M 9201 Forschungsberichte, TU Munich","Forschungsberichte, TU Munich"
"TUM M 8501 Forschungsberichte, TU Munich","Forschungsberichte, TU Munich"
"TUM I 9205 Forschungsberichte, TU Munich","Forschungsberichte, TU Munich"
"TUM I 9040 Forschungsberichte, TU Munich","Forschungsberichte, TU Munich"
"FKI 139 90 Forschungsberichte, TU Munich","Forschungsberichte, TU Munich"
"TUM I 9238 Forschungsberichte, TU Munich","Forschungsberichte, TU Munich"
"FKI 159 91 Forschungsberichte, TU Munich","Forschungsberichte, TU Munich"
"TUM I 9018 Forschungsberichte, TU Munich","Forschungsberichte, TU Munich"
"FKI 132 90 Forschungsberichte, TU Munich","Forschungsberichte, TU Munich"
"FKI 146 91 Forschungsberichte, TU Munich","Forschungsberichte, TU Munich"
"TUM M 9206 Forschungsberichte, TU Munich","Forschungsberichte, TU Munich"
"TUM I 9052 Forschungsberichte, TU Munich","Forschungsberichte, TU Munich"
"TUM I 9122 Forschungsberichte, TU Munich","Forschungsberichte, TU Munich"
"TUM M 9205 Forschungsberichte, TU Munich","Forschungsberichte, TU Munich"
"FKI 140 90 Forschungsberichte, TU Munich","Forschungsberichte, TU Munich"
"TUM I 9222 Forschungsberichte, TU Munich","Forschungsberichte, TU Munich"
"FKI 127 90 Forschungsberichte, TU Munich","Forschungsberichte, TU Munich"
"FKI 176 93 Forschungsberichte, TU Munich","Forschungsberichte, TU Munich"
"FKI 164 92 Forschungsberichte, TU Munich","Forschungsberichte, TU Munich"
"FKI 96 88 Forschungsberichte, TU Munich","Forschungsberichte, TU Munich"
"FKI 154 91 Forschungsberichte, TU Munich","Forschungsberichte, TU Munich"
"FKI 158 91 Forschungsberichte, TU Munich","Forschungsberichte, TU Munich"
"TUM I 9323 Forschungsberichte, TU Munich","Forschungsberichte, TU Munich"
"FKI 150 91 Forschungsberichte, TU Munich","Forschungsberichte, TU Munich"
"FKI 160 91 Forschungsberichte, TU Munich","Forschungsberichte, TU Munich"
"TUM I 9319 Forschungsberichte, TU Munich","Forschungsberichte, TU Munich"
"TUM I 8910 Forschungsberichte, TU Munich","Forschungsberichte, TU Munich"
"FKI 131 90 Forschungsberichte, TU Munich","Forschungsberichte, TU Munich"
"SFB 342 Forschungsberichte, TU Munich","Forschungsberichte, TU Munich"
"FKI 145 90 Forschungsberichte, TU Munich","Forschungsberichte, TU Munich"
"TUM I 9017 Forschungsberichte, TU Munich","Forschungsberichte, TU Munich"
"TUM I 9041 Forschungsberichte, TU Munich","Forschungsberichte, TU Munich"
"FKI 128 90 Forschungsberichte, TU Munich","Forschungsberichte, TU Munich"
"FKI 177 93 Forschungsberichte, TU Munich","Forschungsberichte, TU Munich"
"TUM I 9329 Forschungsberichte, TU Munich","Forschungsberichte, TU Munich"
"TUM I 9049 Forschungsberichte, TU Munich","Forschungsberichte, TU Munich"
"FKI 115 89 Forschungsberichte, TU Munich","Forschungsberichte, TU Munich"
"TUM I 9212 Forschungsberichte, TU Munich","Forschungsberichte, TU Munich"
"TUM M 9011 Forschungsberichte, TU Munich","Forschungsberichte, TU Munich"
"FKI 124 90 Forschungsberichte, TU Munich","Forschungsberichte, TU Munich"
"FKI 155 91 Forschungsberichte, TU Munich","Forschungsberichte, TU Munich"
"TUM I 9114 Forschungsberichte, TU Munich","Forschungsberichte, TU Munich"
"TUM I 9142 Forschungsberichte, TU Munich","Forschungsberichte, TU Munich"
"TUM I 9117 Forschungsberichte, TU Munich","Forschungsberichte, TU Munich"
"TUM I 8807 Forschungsberichte, TU Munich","Forschungsberichte, TU Munich"
"TUM I 9333 Forschungsberichte, TU Munich","Forschungsberichte, TU Munich"
"FKI 179 93 Forschungsberichte, TU Munich","Forschungsberichte, TU Munich"
"FKI 96 89 Forschungsberichte, TU Munich","Forschungsberichte, TU Munich"
"FKI 126 90 Forschungsberichte, TU Munich","Forschungsberichte, TU Munich"
"FKI 174 93 Forschungsberichte, TU Munich","Forschungsberichte, TU Munich"
"FKI 184 93 Forschungsberichte, TU Munich","Forschungsberichte, TU Munich"
"TUM I 9236 Forschungsberichte, TU Munich","Forschungsberichte, TU Munich"
"TUM I 9055 Forschungsberichte, TU Munich","Forschungsberichte, TU Munich"
"TUM I 9011 Forschungsberichte, TU Munich","Forschungsberichte, TU Munich"
"FKI 183 93 Forschungsberichte, TU Munich","Forschungsberichte, TU Munich"
"TUM I 9101 Forschungsberichte, TU Munich","Forschungsberichte, TU Munich"
"TUM I 9231 Forschungsberichte, TU Munich","Forschungsberichte, TU Munich"
"TUM I 9135 Forschungsberichte, TU Munich","Forschungsberichte, TU Munich"
"TUM I 9211 Forschungsberichte, TU Munich","Forschungsberichte, TU Munich"
"TUM I 9232 Forschungsberichte, TU Munich","Forschungsberichte, TU Munich"
"FKI 157 91 Forschungsberichte, TU Munich","Forschungsberichte, TU Munich"
"TUM I 9053 Forschungsberichte, TU Munich","Forschungsberichte, TU Munich"
"TUM I 9127 Forschungsberichte, TU Munich","Forschungsberichte, TU Munich"
"TUM I 9226 Forschungsberichte, TU Munich","Forschungsberichte, TU Munich"
"FKI 141 90 Forschungsberichte, TU Munich","Forschungsberichte, TU Munich"
"FKI 94 88 Forschungsberichte, TU Munich","Forschungsberichte, TU Munich"
"FKI 163 91 Forschungsberichte, TU Munich","Forschungsberichte, TU Munich"
"TUM I 9321 Forschungsberichte, TU Munich","Forschungsberichte, TU Munich"
"FKI 84 88 Forschungsberichte, TU Munich","Forschungsberichte, TU Munich"
"TUM I 9216 Forschungsberichte, TU Munich","Forschungsberichte, TU Munich"
"FKI 125 90 Forschungsberichte, TU Munich","Forschungsberichte, TU Munich"
"TUM I 9305 Forschungsberichte, TU Munich","Forschungsberichte, TU Munich"
"FKI 149 91 Forschungsberichte, TU Munich","Forschungsberichte, TU Munich"
"SFB 917 Forschungsberichte, TU Munich","Forschungsberichte, TU Munich"
"FKI 100 89 Forschungsberichte, TU Munich","Forschungsberichte, TU Munich"
"TUM I 9217 Forschungsberichte, TU Munich","Forschungsberichte, TU Munich"
"https://d-nb.info/930155920 Forschungsberichte, TU Munich","Forschungsberichte, TU Munich"
"FKI 175 93 Forschungsberichte, TU Munich","Forschungsberichte, TU Munich"
"TUM I 9128 Forschungsberichte, TU Munich","Forschungsberichte, TU Munich"
"FKI 85 88 Forschungsberichte, TU Munich","Forschungsberichte, TU Munich"
"FKI 165 92 Forschungsberichte, TU Munich","Forschungsberichte, TU Munich"
"TUM I 9334 Forschungsberichte, TU Munich","Forschungsberichte, TU Munich"
"FKI 166 92 Forschungsberichte, TU Munich","Forschungsberichte, TU Munich"
"TUM I 9037 Forschungsberichte, TU Munich","Forschungsberichte, TU Munich"
"FKI 171 92 Forschungsberichte, TU Munich","Forschungsberichte, TU Munich"
"FKI 136 90 Forschungsberichte, TU Munich","Forschungsberichte, TU Munich"
"TUM I 9316 Forschungsberichte, TU Munich","Forschungsberichte, TU Munich"
"TUM I 9143 Forschungsberichte, TU Munich","Forschungsberichte, TU Munich"
"FKI 111 89 Forschungsberichte, TU Munich","Forschungsberichte, TU Munich"
"FKI 105 89 Forschungsberichte, TU Munich","Forschungsberichte, TU Munich"
"TUM I 9136 Forschungsberichte, TU Munich","Forschungsberichte, TU Munich"
"TUM I 9341 Forschungsberichte, TU Munich","Forschungsberichte, TU Munich"
"FKI 156 91 Forschungsberichte, TU Munich","Forschungsberichte, TU Munich"
"TUM I 9006 Forschungsberichte, TU Munich","Forschungsberichte, TU Munich"
"TUM I 9134 Forschungsberichte, TU Munich","Forschungsberichte, TU Munich"
"TUM I 9230 Forschungsberichte, TU Munich","Forschungsberichte, TU Munich"
"TUM I 9338 Forschungsberichte, TU Munich","Forschungsberichte, TU Munich"
"TUM I 9005 Forschungsberichte, TU Munich","Forschungsberichte, TU Munich"
"TUM I 9023 Forschungsberichte, TU Munich","Forschungsberichte, TU Munich"
"FKI 153 91 Forschungsberichte, TU Munich","Forschungsberichte, TU Munich"
"FKI 87 88 Forschungsberichte, TU Munich","Forschungsberichte, TU Munich"
"TUM I 9026 Forschungsberichte, TU Munich","Forschungsberichte, TU Munich"
"FKI 167 92 Forschungsberichte, TU Munich","Forschungsberichte, TU Munich"
"TUM I 9007 Forschungsberichte, TU Munich","Forschungsberichte, TU Munich"
"TUM I 9320 Forschungsberichte, TU Munich","Forschungsberichte, TU Munich"
"FKI 112 89 Forschungsberichte, TU Munich","Forschungsberichte, TU Munich"
"FKI 168 92 Forschungsberichte, TU Munich","Forschungsberichte, TU Munich"
"TUM I 9207 Forschungsberichte, TU Munich","Forschungsberichte, TU Munich"
"TUM M 9202 Forschungsberichte, TU Munich","Forschungsberichte, TU Munich"
"TUM I 9139 Forschungsberichte, TU Munich","Forschungsberichte, TU Munich"
"TUM M 9007 Forschungsberichte, TU Munich","Forschungsberichte, TU Munich"
"TUM I 9003 Forschungsberichte, TU Munich","Forschungsberichte, TU Munich"
"FKI 161 91 Forschungsberichte, TU Munich","Forschungsberichte, TU Munich"
"TUM I 9325 Forschungsberichte, TU Munich","Forschungsberichte, TU Munich"
"FKI 144 90 Forschungsberichte, TU Munich","Forschungsberichte, TU Munich"
"TUM I 9032 Forschungsberichte, TU Munich","Forschungsberichte, TU Munich"
"TUM I 9121 Forschungsberichte, TU Munich","Forschungsberichte, TU Munich"
"FKI 130 90 Forschungsberichte, TU Munich","Forschungsberichte, TU Munich"
"TUM-I-9215 Forschungsberichte, TU Munich","Forschungsberichte, TU Munich"
"FKI 152 91 Forschungsberichte, TU Munich","Forschungsberichte, TU Munich"
"FKI 182 93 Forschungsberichte, TU Munich","Forschungsberichte, TU Munich"
"TUM I 9105 Forschungsberichte, TU Munich","Forschungsberichte, TU Munich"
"TUM I 9035 Forschungsberichte, TU Munich","Forschungsberichte, TU Munich"
"TUM I 9113 Forschungsberichte, TU Munich","Forschungsberichte, TU Munich"
"FKI 123 89 Forschungsberichte, TU Munich","Forschungsberichte, TU Munich"
"TUM I 9126 Forschungsberichte, TU Munich","Forschungsberichte, TU Munich"
"FKI 102 89 Forschungsberichte, TU Munich","Forschungsberichte, TU Munich"
"FKI 89 88 Forschungsberichte, TU Munich","Forschungsberichte, TU Munich"
"FKI 169 92 Forschungsberichte, TU Munich","Forschungsberichte, TU Munich"
"FKI 178 93 Forschungsberichte, TU Munich","Forschungsberichte, TU Munich"
"TUM I 9220 Forschungsberichte, TU Munich","Forschungsberichte, TU Munich"
"TUM I 9223 Forschungsberichte, TU Munich","Forschungsberichte, TU Munich"
"FKI 109 89 Forschungsberichte, TU Munich","Forschungsberichte, TU Munich"
"TUM M 9008 Forschungsberichte, TU Munich","Forschungsberichte, TU Munich"
"TUM I 9130 Forschungsberichte, TU Munich","Forschungsberichte, TU Munich"
"TUM I 8516 Forschungsberichte, TU Munich","Forschungsberichte, TU Munich"
"TUM I 9029 Forschungsberichte, TU Munich","Forschungsberichte, TU Munich"
"TUM I 9028 Forschungsberichte, TU Munich","Forschungsberichte, TU Munich"
"TUM I 9330 Forschungsberichte, TU Munich","Forschungsberichte, TU Munich"
"TUM I 9209 Forschungsberichte, TU Munich","Forschungsberichte, TU Munich"
"TUM I 7815 Forschungsberichte, TU Munich","Forschungsberichte, TU Munich"
"TUM I 9115 Forschungsberichte, TU Munich","Forschungsberichte, TU Munich"
"TUM I 9016 Forschungsberichte, TU Munich","Forschungsberichte, TU Munich"
"TUM I 9313 Forschungsberichte, TU Munich","Forschungsberichte, TU Munich"
"TUM I 9050 Forschungsberichte, TU Munich","Forschungsberichte, TU Munich"
"FKI 170 92 Forschungsberichte, TU Munich","Forschungsberichte, TU Munich"
"FKI 114 89 Forschungsberichte, TU Munich","Forschungsberichte, TU Munich"
"TUM I 9213 Forschungsberichte, TU Munich","Forschungsberichte, TU Munich"
"TUM I 9340 Forschungsberichte, TU Munich","Forschungsberichte, TU Munich"
"TUM I 9109 Forschungsberichte, TU Munich","Forschungsberichte, TU Munich"
"FKI 129 90 Forschungsberichte, TU Munich","Forschungsberichte, TU Munich"
"TUM I 9108 Forschungsberichte, TU Munich","Forschungsberichte, TU Munich"
"TUM I 9138 Forschungsberichte, TU Munich","Forschungsberichte, TU Munich"
"TUM I 9331 Forschungsberichte, TU Munich","Forschungsberichte, TU Munich"
"TUM I 8409 Forschungsberichte, TU Munich","Forschungsberichte, TU Munich"
"TUM I 9224 Forschungsberichte, TU Munich","Forschungsberichte, TU Munich"
"FKI 173 92 Forschungsberichte, TU Munich","Forschungsberichte, TU Munich"
"TUM I 9322 Forschungsberichte, TU Munich","Forschungsberichte, TU Munich"
"TUM I 9056 Forschungsberichte, TU Munich","Forschungsberichte, TU Munich"
"TUM I 9301 Forschungsberichte, TU Munich","Forschungsberichte, TU Munich"
"TUM I 9146 Forschungsberichte, TU Munich","Forschungsberichte, TU Munich"
"TUM M 9107 Forschungsberichte, TU Munich","Forschungsberichte, TU Munich"
"TUM I 9034 Forschungsberichte, TU Munich","Forschungsberichte, TU Munich"
"TUM I 9009 Forschungsberichte, TU Munich","Forschungsberichte, TU Munich"
"TUM I 9046 Forschungsberichte, TU Munich","Forschungsberichte, TU Munich"
"FKI 92 88 Forschungsberichte, TU Munich","Forschungsberichte, TU Munich"
"TUM I 9039 Forschungsberichte, TU Munich","Forschungsberichte, TU Munich"
"TUM I 9020 Forschungsberichte, TU Munich","Forschungsberichte, TU Munich"
"FKI 110 89 Forschungsberichte, TU Munich","Forschungsberichte, TU Munich"
"TUM I 9327 Forschungsberichte, TU Munich","Forschungsberichte, TU Munich"
"TUM I 9001 Forschungsberichte, TU Munich","Forschungsberichte, TU Munich"
"TUM I 9042 Forschungsberichte, TU Munich","Forschungsberichte, TU Munich"
"TUM I 9324 Forschungsberichte, TU Munich","Forschungsberichte, TU Munich"
"TUM I 9308 Forschungsberichte, TU Munich","Forschungsberichte, TU Munich"
"FKI 86 88 Forschungsberichte, TU Munich","Forschungsberichte, TU Munich"
"TUM I 9036 Forschungsberichte, TU Munich","Forschungsberichte, TU Munich"
"FKI 134 90 Forschungsberichte, TU Munich","Forschungsberichte, TU Munich"
"FKI 133 90 Forschungsberichte, TU Munich","Forschungsberichte, TU Munich"
"TUM M 9105 Forschungsberichte, TU Munich","Forschungsberichte, TU Munich"
"FKI 147 91 Forschungsberichte, TU Munich","Forschungsberichte, TU Munich"
"TUM I 9107 Forschungsberichte, TU Munich","Forschungsberichte, TU Munich"
"FKI 108 89 Forschungsberichte, TU Munich","Forschungsberichte, TU Munich"
"TUM I 9054 Forschungsberichte, TU Munich","Forschungsberichte, TU Munich"
"TUM I 9123 Forschungsberichte, TU Munich","Forschungsberichte, TU Munich"
"FKI 172 92 Forschungsberichte, TU Munich","Forschungsberichte, TU Munich"
"SRC1997-018 Digital System Research Center Report","Digital System Research Center Report"
"RJ935 Research Report / RJ / IBM / San Jose, California","Research Report / RJ / IBM / San Jose, California"
"RJ987 Research Report / RJ / IBM / San Jose, California","Research Report / RJ / IBM / San Jose, California"
" Compulog Newsletter","Compulog Newsletter"
"RJ1400 Research Report / RJ / IBM / San Jose, California","Research Report / RJ / IBM / San Jose, California"
"RJ893 Research Report / RJ / IBM / San Jose, California","Research Report / RJ / IBM / San Jose, California"
"15 Hydrology and Earth System Sciences","Hydrology and Earth System Sciences"
" Technical Rep. UKSC 0060, IBM United Kingdom Scientific Centre","Technical Rep. UKSC 0060, IBM United Kingdom Scientific Centre"
"RJ909 Research Report / RJ / IBM / San Jose, California","Research Report / RJ / IBM / San Jose, California"
"RJ599 Research Report / RJ / IBM / San Jose, California","Research Report / RJ / IBM / San Jose, California"
"248 ETH Zurich, Department of Computer Science / Technical Report","ETH Zurich, Department of Computer Science / Technical Report"
"RJ3132 Research Report / RJ / IBM / San Jose, California","Research Report / RJ / IBM / San Jose, California"
"16 Hydrology and Earth System Sciences","Hydrology and Earth System Sciences"
"25 Sci. Eng. Ethics","Sci. Eng. Ethics"
"14 Sci. Eng. Ethics","Sci. Eng. Ethics"
"26 Sci. Eng. Ethics","Sci. Eng. Ethics"
"18 Sci. Eng. Ethics","Sci. Eng. Ethics"
"27 Sci. Eng. Ethics","Sci. Eng. Ethics"
"26 Sci. Eng. Ethics","Sci. Eng. Ethics"
"24 Sci. Eng. Ethics","Sci. Eng. Ethics"
"24 Sci. Eng. Ethics","Sci. Eng. Ethics"
"16 Sci. Eng. Ethics","Sci. Eng. Ethics"
"16 Sci. Eng. Ethics","Sci. Eng. Ethics"
"24 Sci. Eng. Ethics","Sci. Eng. Ethics"
"16 Sci. Eng. Ethics","Sci. Eng. Ethics"
"13 Sci. Eng. Ethics","Sci. Eng. Ethics"
"27 Sci. Eng. Ethics","Sci. Eng. Ethics"
"26 Sci. Eng. Ethics","Sci. Eng. Ethics"
"28 Sci. Eng. Ethics","Sci. Eng. Ethics"
"21 Sci. Eng. Ethics","Sci. Eng. Ethics"
"19 Sci. Eng. Ethics","Sci. Eng. Ethics"
"26 Sci. Eng. Ethics","Sci. Eng. Ethics"
"28 Sci. Eng. Ethics","Sci. Eng. Ethics"
"17 Sci. Eng. Ethics","Sci. Eng. Ethics"
"27 Sci. Eng. Ethics","Sci. Eng. Ethics"
"26 Sci. Eng. Ethics","Sci. Eng. Ethics"
"20 Sci. Eng. Ethics","Sci. Eng. Ethics"
"25 Sci. Eng. Ethics","Sci. Eng. Ethics"
"16 Sci. Eng. Ethics","Sci. Eng. Ethics"
"18 Sci. Eng. Ethics","Sci. Eng. Ethics"
"21 Sci. Eng. Ethics","Sci. Eng. Ethics"
"22 Sci. Eng. Ethics","Sci. Eng. Ethics"
"24 Sci. Eng. Ethics","Sci. Eng. Ethics"
"25 Sci. Eng. Ethics","Sci. Eng. Ethics"
"25 Sci. Eng. Ethics","Sci. Eng. Ethics"
"14 Sci. Eng. Ethics","Sci. Eng. Ethics"
"24 Sci. Eng. Ethics","Sci. Eng. Ethics"
"22 Sci. Eng. Ethics","Sci. Eng. Ethics"
"19 Sci. Eng. Ethics","Sci. Eng. Ethics"
"25 Sci. Eng. Ethics","Sci. Eng. Ethics"
"15 Sci. Eng. Ethics","Sci. Eng. Ethics"
"22 Sci. Eng. Ethics","Sci. Eng. Ethics"
"19 Sci. Eng. Ethics","Sci. Eng. Ethics"
"21 Sci. Eng. Ethics","Sci. Eng. Ethics"
"29 Sci. Eng. Ethics","Sci. Eng. Ethics"
"17 Sci. Eng. Ethics","Sci. Eng. Ethics"
"22 Sci. Eng. Ethics","Sci. Eng. Ethics"
"14 Sci. Eng. Ethics","Sci. Eng. Ethics"
"28 Sci. Eng. Ethics","Sci. Eng. Ethics"
"28 Sci. Eng. Ethics","Sci. Eng. Ethics"
"20 Sci. Eng. Ethics","Sci. Eng. Ethics"
"22 Sci. Eng. Ethics","Sci. Eng. Ethics"
"22 Sci. Eng. Ethics","Sci. Eng. Ethics"
"21 Sci. Eng. Ethics","Sci. Eng. Ethics"
"22 Sci. Eng. Ethics","Sci. Eng. Ethics"
"21 Sci. Eng. Ethics","Sci. Eng. Ethics"
"26 Sci. Eng. Ethics","Sci. Eng. Ethics"
"25 Sci. Eng. Ethics","Sci. Eng. Ethics"
"21 Sci. Eng. Ethics","Sci. Eng. Ethics"
"26 Sci. Eng. Ethics","Sci. Eng. Ethics"
"28 Sci. Eng. Ethics","Sci. Eng. Ethics"
"21 Sci. Eng. Ethics","Sci. Eng. Ethics"
"17 Sci. Eng. Ethics","Sci. Eng. Ethics"
"27 Sci. Eng. Ethics","Sci. Eng. Ethics"
"22 Sci. Eng. Ethics","Sci. Eng. Ethics"
"23 Sci. Eng. Ethics","Sci. Eng. Ethics"
"23 Sci. Eng. Ethics","Sci. Eng. Ethics"
"25 Sci. Eng. Ethics","Sci. Eng. Ethics"
"19 Sci. Eng. Ethics","Sci. Eng. Ethics"
"29 Sci. Eng. Ethics","Sci. Eng. Ethics"
"26 Sci. Eng. Ethics","Sci. Eng. Ethics"
"17 Sci. Eng. Ethics","Sci. Eng. Ethics"
"26 Sci. Eng. Ethics","Sci. Eng. Ethics"
"18 Sci. Eng. Ethics","Sci. Eng. Ethics"
"18 Sci. Eng. Ethics","Sci. Eng. Ethics"
"18 Sci. Eng. Ethics","Sci. Eng. Ethics"
"24 Sci. Eng. Ethics","Sci. Eng. Ethics"
"25 Sci. Eng. Ethics","Sci. Eng. Ethics"
"24 Sci. Eng. Ethics","Sci. Eng. Ethics"
"21 Sci. Eng. Ethics","Sci. Eng. Ethics"
"24 Sci. Eng. Ethics","Sci. Eng. Ethics"
"23 Sci. Eng. Ethics","Sci. Eng. Ethics"
"23 Sci. Eng. Ethics","Sci. Eng. Ethics"
"22 Sci. Eng. Ethics","Sci. Eng. Ethics"
"24 Sci. Eng. Ethics","Sci. Eng. Ethics"
"26 Sci. Eng. Ethics","Sci. Eng. Ethics"
"24 Sci. Eng. Ethics","Sci. Eng. Ethics"
"25 Sci. Eng. Ethics","Sci. Eng. Ethics"
"29 Sci. Eng. Ethics","Sci. Eng. Ethics"
"21 Sci. Eng. Ethics","Sci. Eng. Ethics"
"26 Sci. Eng. Ethics","Sci. Eng. Ethics"
"21 Sci. Eng. Ethics","Sci. Eng. Ethics"
"16 Sci. Eng. Ethics","Sci. Eng. Ethics"
"17 Sci. Eng. Ethics","Sci. Eng. Ethics"
"25 Sci. Eng. Ethics","Sci. Eng. Ethics"
"13 Sci. Eng. Ethics","Sci. Eng. Ethics"
"21 Sci. Eng. Ethics","Sci. Eng. Ethics"
"14 Sci. Eng. Ethics","Sci. Eng. Ethics"
"22 Sci. Eng. Ethics","Sci. Eng. Ethics"
"21 Sci. Eng. Ethics","Sci. Eng. Ethics"
"24 Sci. Eng. Ethics","Sci. Eng. Ethics"
"22 Sci. Eng. Ethics","Sci. Eng. Ethics"
"25 Sci. Eng. Ethics","Sci. Eng. Ethics"
"24 Sci. Eng. Ethics","Sci. Eng. Ethics"
"16 Sci. Eng. Ethics","Sci. Eng. Ethics"
"26 Sci. Eng. Ethics","Sci. Eng. Ethics"
"26 Sci. Eng. Ethics","Sci. Eng. Ethics"
"23 Sci. Eng. Ethics","Sci. Eng. Ethics"
"25 Sci. Eng. Ethics","Sci. Eng. Ethics"
"26 Sci. Eng. Ethics","Sci. Eng. Ethics"
"22 Sci. Eng. Ethics","Sci. Eng. Ethics"
"22 Sci. Eng. Ethics","Sci. Eng. Ethics"
"27 Sci. Eng. Ethics","Sci. Eng. Ethics"
"20 Sci. Eng. Ethics","Sci. Eng. Ethics"
"24 Sci. Eng. Ethics","Sci. Eng. Ethics"
"24 Sci. Eng. Ethics","Sci. Eng. Ethics"
"24 Sci. Eng. Ethics","Sci. Eng. Ethics"
"23 Sci. Eng. Ethics","Sci. Eng. Ethics"
"19 Sci. Eng. Ethics","Sci. Eng. Ethics"
"29 Sci. Eng. Ethics","Sci. Eng. Ethics"
"28 Sci. Eng. Ethics","Sci. Eng. Ethics"
"19 Sci. Eng. Ethics","Sci. Eng. Ethics"
"23 Sci. Eng. Ethics","Sci. Eng. Ethics"
"13 Sci. Eng. Ethics","Sci. Eng. Ethics"
"19 Sci. Eng. Ethics","Sci. Eng. Ethics"
"21 Sci. Eng. Ethics","Sci. Eng. Ethics"
"27 Sci. Eng. Ethics","Sci. Eng. Ethics"
"26 Sci. Eng. Ethics","Sci. Eng. Ethics"
"22 Sci. Eng. Ethics","Sci. Eng. Ethics"
"25 Sci. Eng. Ethics","Sci. Eng. Ethics"
"21 Sci. Eng. Ethics","Sci. Eng. Ethics"
"23 Sci. Eng. Ethics","Sci. Eng. Ethics"
"21 Sci. Eng. Ethics","Sci. Eng. Ethics"
"22 Sci. Eng. Ethics","Sci. Eng. Ethics"
"28 Sci. Eng. Ethics","Sci. Eng. Ethics"
"30 Sci. Eng. Ethics","Sci. Eng. Ethics"
"25 Sci. Eng. Ethics","Sci. Eng. Ethics"
"18 Sci. Eng. Ethics","Sci. Eng. Ethics"
"23 Sci. Eng. Ethics","Sci. Eng. Ethics"
"14 Sci. Eng. Ethics","Sci. Eng. Ethics"
"24 Sci. Eng. Ethics","Sci. Eng. Ethics"
"26 Sci. Eng. Ethics","Sci. Eng. Ethics"
"25 Sci. Eng. Ethics","Sci. Eng. Ethics"
"24 Sci. Eng. Ethics","Sci. Eng. Ethics"
"25 Sci. Eng. Ethics","Sci. Eng. Ethics"
"26 Sci. Eng. Ethics","Sci. Eng. Ethics"
"20 Sci. Eng. Ethics","Sci. Eng. Ethics"
"24 Sci. Eng. Ethics","Sci. Eng. Ethics"
"28 Sci. Eng. Ethics","Sci. Eng. Ethics"
"25 Sci. Eng. Ethics","Sci. Eng. Ethics"
"17 Sci. Eng. Ethics","Sci. Eng. Ethics"
"21 Sci. Eng. Ethics","Sci. Eng. Ethics"
"21 Sci. Eng. Ethics","Sci. Eng. Ethics"
"21 Sci. Eng. Ethics","Sci. Eng. Ethics"
"23 Sci. Eng. Ethics","Sci. Eng. Ethics"
"29 Sci. Eng. Ethics","Sci. Eng. Ethics"
"23 Sci. Eng. Ethics","Sci. Eng. Ethics"
"22 Sci. Eng. Ethics","Sci. Eng. Ethics"
"20 Sci. Eng. Ethics","Sci. Eng. Ethics"
"29 Sci. Eng. Ethics","Sci. Eng. Ethics"
"17 Sci. Eng. Ethics","Sci. Eng. Ethics"
"13 Sci. Eng. Ethics","Sci. Eng. Ethics"
"18 Sci. Eng. Ethics","Sci. Eng. Ethics"
"19 Sci. Eng. Ethics","Sci. Eng. Ethics"
"16 Sci. Eng. Ethics","Sci. Eng. Ethics"
"25 Sci. Eng. Ethics","Sci. Eng. Ethics"
"26 Sci. Eng. Ethics","Sci. Eng. Ethics"
"25 Sci. Eng. Ethics","Sci. Eng. Ethics"
"22 Sci. Eng. Ethics","Sci. Eng. Ethics"
"19 Sci. Eng. Ethics","Sci. Eng. Ethics"
"23 Sci. Eng. Ethics","Sci. Eng. Ethics"
"16 Sci. Eng. Ethics","Sci. Eng. Ethics"
"18 Sci. Eng. Ethics","Sci. Eng. Ethics"
"24 Sci. Eng. Ethics","Sci. Eng. Ethics"
"25 Sci. Eng. Ethics","Sci. Eng. Ethics"
"21 Sci. Eng. Ethics","Sci. Eng. Ethics"
"28 Sci. Eng. Ethics","Sci. Eng. Ethics"
"19 Sci. Eng. Ethics","Sci. Eng. Ethics"
"29 Sci. Eng. Ethics","Sci. Eng. Ethics"
"23 Sci. Eng. Ethics","Sci. Eng. Ethics"
"21 Sci. Eng. Ethics","Sci. Eng. Ethics"
"17 Sci. Eng. Ethics","Sci. Eng. Ethics"
"14 Sci. Eng. Ethics","Sci. Eng. Ethics"
"19 Sci. Eng. Ethics","Sci. Eng. Ethics"
"21 Sci. Eng. Ethics","Sci. Eng. Ethics"
"26 Sci. Eng. Ethics","Sci. Eng. Ethics"
"19 Sci. Eng. Ethics","Sci. Eng. Ethics"
"29 Sci. Eng. Ethics","Sci. Eng. Ethics"
"26 Sci. Eng. Ethics","Sci. Eng. Ethics"
"29 Sci. Eng. Ethics","Sci. Eng. Ethics"
"21 Sci. Eng. Ethics","Sci. Eng. Ethics"
"24 Sci. Eng. Ethics","Sci. Eng. Ethics"
"21 Sci. Eng. Ethics","Sci. Eng. Ethics"
"14 Sci. Eng. Ethics","Sci. Eng. Ethics"
"27 Sci. Eng. Ethics","Sci. Eng. Ethics"
"24 Sci. Eng. Ethics","Sci. Eng. Ethics"
"25 Sci. Eng. Ethics","Sci. Eng. Ethics"
"26 Sci. Eng. Ethics","Sci. Eng. Ethics"
"26 Sci. Eng. Ethics","Sci. Eng. Ethics"
"25 Sci. Eng. Ethics","Sci. Eng. Ethics"
"19 Sci. Eng. Ethics","Sci. Eng. Ethics"
"28 Sci. Eng. Ethics","Sci. Eng. Ethics"
"25 Sci. Eng. Ethics","Sci. Eng. Ethics"
"13 Sci. Eng. Ethics","Sci. Eng. Ethics"
"13 Sci. Eng. Ethics","Sci. Eng. Ethics"
"22 Sci. Eng. Ethics","Sci. Eng. Ethics"
"22 Sci. Eng. Ethics","Sci. Eng. Ethics"
