"id_paper","ref_edition"
817,"conf/ds/1974"
171801,"journals/lncs/1991-546"
171802,"journals/lncs/1991-546"
171803,"journals/lncs/1993-759"
171804,"journals/lncs/1991-546"
171805,"journals/lncs/1993-759"
171807,"journals/lncs/1991-546"
171808,"journals/lncs/1991-546"
171809,"journals/lncs/1994-910"
171810,"journals/lncs/1991-546"
171811,"journals/lncs/1991-546"
171812,"journals/lncs/1993-759"
171813,"journals/lncs/1991-546"
171814,"journals/lncs/1991-546"
171815,"journals/lncs/1994-910"
171816,"journals/lncs/1991-546"
171817,"journals/lncs/1991-546"
171819,"journals/lncs/1993-759"
171820,"journals/lncs/1991-546"
171821,"journals/lncs/1991-546"
171823,"journals/lncs/1994-910"
171824,"journals/lncs/1991-546"
171826,"journals/lncs/1991-546"
171827,"journals/lncs/1993-759"
171828,"journals/lncs/1993-759"
171829,"journals/lncs/1991-546"
171830,"journals/lncs/1991-546"
171831,"journals/lncs/1993-759"
171832,"journals/lncs/1991-546"
171833,"journals/lncs/1993-759"
171834,"journals/lncs/1994-910"
171836,"journals/lncs/1991-546"
171837,"journals/lncs/1994-910"
171838,"journals/lncs/1991-546"
171839,"journals/lncs/1994-910"
171840,"journals/lncs/1991-546"
171841,"journals/lncs/1991-546"
171843,"journals/lncs/1991-546"
171844,"journals/lncs/1993-759"
171846,"journals/lncs/1991-546"
171848,"journals/lncs/1991-546"
171849,"journals/lncs/1993-759"
171850,"journals/lncs/1991-546"
171852,"journals/lncs/1994-910"
171853,"journals/lncs/1993-759"
171855,"journals/lncs/1993-759"
171856,"journals/lncs/1991-546"
171858,"journals/lncs/1991-546"
171860,"journals/lncs/1991-546"
171861,"journals/lncs/1994-910"
171863,"journals/lncs/1991-546"
171864,"journals/lncs/1991-546"
171866,"journals/lncs/1991-546"
171867,"journals/lncs/1991-546"
171868,"journals/lncs/1994-910"
171869,"journals/lncs/1991-546"
171870,"journals/lncs/1991-546"
171873,"journals/lncs/1994-910"
171874,"journals/lncs/1994-910"
171875,"journals/lncs/1994-910"
171876,"journals/lncs/1994-910"
171878,"journals/lncs/1993-759"
171879,"journals/lncs/1991-546"
171880,"journals/lncs/1991-546"
171881,"journals/lncs/1994-910"
171882,"journals/lncs/1991-546"
171883,"journals/lncs/1993-759"
171884,"journals/lncs/1991-546"
171885,"journals/lncs/1993-759"
171886,"journals/lncs/1991-546"
171889,"journals/lncs/1991-546"
171890,"journals/lncs/1993-759"
171891,"journals/lncs/1993-759"
171892,"journals/lncs/1993-759"
171894,"journals/lncs/1991-546"
171895,"journals/lncs/1993-759"
171896,"journals/lncs/1994-910"
171897,"journals/lncs/1991-546"
171898,"journals/lncs/1993-759"
171899,"journals/lncs/1991-546"
171900,"journals/lncs/1991-546"
244721,"conf/nips/2008coa"
244723,"conf/aistats/2012"
244729,"conf/aistats/2012"
244737,"conf/aistats/2010"
244741,"conf/aistats/2011"
244743,"conf/aistats/2007"
244747,"conf/aistats/2012"
244750,"conf/colt/2012"
244758,"conf/aistats/2009"
244763,"conf/aistats/2012"
244768,"conf/aistats/2012"
244777,"conf/aistats/2010w"
244779,"conf/aistats/2012"
244784,"conf/aistats/2012"
244786,"conf/aistats/2011"
244788,"conf/aistats/2011"
244791,"conf/wapa/2010"
244793,"conf/acml/2011"
244802,"conf/wapa/2011"
244804,"conf/acml/2012"
244810,"conf/aistats/2012"
244811,"conf/aistats/2011"
244819,"conf/nips/2008coa"
244821,"conf/aistats/2010"
244829,"conf/aistats/2010"
244834,"conf/nips/2008coa"
244840,"conf/aistats/2012"
244843,"conf/aistats/2011"
244849,"conf/aistats/2011"
244852,"conf/aistats/2010"
244855,"conf/colt/2011"
244856,"conf/aistats/2011"
244857,"conf/aistats/2011"
244863,"conf/aistats/2012"
244880,"conf/aistats/2012"
244881,"conf/aistats/2010"
244883,"conf/kdd/2009kddcup"
244885,"conf/kdd/2011kddcup"
244892,"conf/aistats/2010"
244898,"conf/colt/2011"
244905,"conf/aistats/2012"
244906,"conf/colt/2011"
244909,"conf/colt/2011"
244910,"conf/colt/2012"
244925,"conf/pkdd/2008fsdm"
244931,"conf/aistats/2012"
244932,"conf/acml/2012"
244939,"conf/aistats/2010"
244942,"conf/aistats/2007"
244945,"conf/icgi/2012"
244946,"conf/aistats/2011"
244950,"conf/acml/2012"
244953,"conf/aistats/2012"
244954,"conf/icgi/2012"
244963,"conf/aistats/2010"
244972,"conf/aistats/2009"
244981,"conf/aistats/2012"
244988,"conf/aistats/2007"
244997,"conf/aistats/2012"
245001,"conf/aistats/2009"
245009,"conf/aistats/2012"
245012,"conf/aistats/2010"
245021,"conf/aistats/2012"
245028,"conf/wapa/2011"
245033,"conf/wapa/2011"
245035,"conf/aistats/2007"
245044,"conf/aistats/2007"
245045,"conf/aistats/2010"
245046,"conf/aistats/2007"
245054,"conf/aistats/2011"
245055,"conf/aistats/2010"
245058,"conf/aistats/2009"
245060,"conf/aistats/2012"
245064,"conf/aistats/2009"
245067,"conf/aistats/2011"
245074,"conf/acml/2010"
245076,"conf/icgi/2012"
245078,"conf/aistats/2011"
245080,"conf/aistats/2011"
245086,"conf/aistats/2010w"
245088,"conf/colt/2012"
245092,"conf/aistats/2010"
245100,"conf/colt/2011"
245102,"conf/aistats/2009"
245111,"conf/aistats/2011"
245119,"conf/nips/2008coa"
245123,"conf/aistats/2007"
245128,"conf/colt/2011"
245132,"conf/colt/2011"
245133,"conf/aistats/2007"
245134,"conf/aistats/2009"
245153,"conf/wapa/2010"
245157,"conf/aistats/2012"
245159,"conf/icgi/2012"
245160,"conf/aistats/2011"
245161,"conf/wapa/2010"
245172,"conf/aistats/2010"
245174,"conf/nips/2008coa"
245176,"conf/aistats/2011"
245186,"conf/colt/2012"
245192,"conf/aistats/2007"
245193,"conf/aistats/2007"
245200,"conf/aistats/2011"
245214,"conf/aistats/2009"
245215,"conf/icml/2011utl"
245222,"conf/colt/2011"
245224,"conf/aistats/2011"
245234,"conf/icml/2011utl"
245240,"conf/aistats/2011"
245245,"conf/aistats/2010"
245252,"conf/aistats/2007"
245253,"conf/aistats/2010"
245256,"conf/icgi/2012"
245263,"conf/aistats/2010"
245265,"conf/aistats/2012"
245266,"conf/icgi/2012"
245272,"conf/aistats/2011"
245275,"conf/colt/2011"
245276,"conf/aistats/2007"
245278,"conf/aistats/2012"
245280,"conf/aistats/2007"
245292,"conf/aistats/2007"
245295,"conf/aistats/2007"
245304,"conf/acml/2012"
245305,"conf/aistats/2012"
245307,"conf/aistats/2012"
245309,"conf/acml/2011"
245314,"conf/aistats/2011"
245322,"conf/mlsb/2009"
245340,"conf/nips/2009mscts"
245341,"conf/aistats/2010"
245345,"conf/aistats/2012"
245346,"conf/aistats/2012"
245347,"conf/aistats/2011"
245354,"conf/aistats/2012"
245365,"conf/aistats/2012"
245367,"conf/aistats/2007"
245369,"conf/acml/2011"
245371,"conf/aistats/2010"
245376,"conf/aistats/2009"
245377,"conf/icgi/2012"
245379,"conf/aistats/2007"
245380,"conf/aistats/2012"
245381,"conf/aistats/2009"
245384,"conf/aistats/2007"
245390,"conf/acml/2010"
245392,"conf/aistats/2007"
245393,"conf/aistats/2011"
245395,"conf/aistats/2010w"
245397,"conf/aistats/2010"
245398,"conf/acml/2012"
245399,"conf/aistats/2012"
245400,"conf/colt/2012"
245401,"conf/aistats/2010"
245402,"conf/aistats/2009"
245403,"conf/aistats/2010"
245404,"conf/aistats/2012"
245413,"conf/nips/2009mscts"
245425,"conf/colt/2012"
245429,"conf/aistats/2011"
245431,"conf/pakdd/2010fsdm"
245438,"conf/aistats/2009"
245445,"conf/aistats/2010"
245448,"conf/aistats/2009"
245451,"conf/colt/2011"
245452,"conf/aistats/2012"
245481,"conf/aistats/2007"
245485,"conf/aistats/2012"
245487,"conf/aistats/2010"
245490,"conf/aistats/2010"
245499,"conf/aistats/2011"
245508,"conf/aistats/2011"
245509,"conf/pkdd/2008fsdm"
245513,"conf/acml/2011"
245517,"conf/icml/2010ltr"
245519,"conf/aistats/2009"
245524,"conf/aistats/2010"
245525,"conf/kdd/2009kddcup"
245527,"conf/aistats/2012"
245532,"conf/nips/2008coa"
245542,"conf/aistats/2007"
245549,"conf/aistats/2011"
245551,"conf/colt/2011"
245553,"conf/icgi/2012"
245559,"conf/aistats/2009"
245568,"conf/aistats/2012"
245574,"conf/colt/2011"
245577,"conf/mlsb/2009"
245598,"conf/acml/2010"
245606,"conf/colt/2012"
245611,"conf/colt/2012"
245615,"conf/aistats/2012"
245618,"conf/colt/2012"
245622,"conf/aistats/2007"
245629,"conf/wcci/2008cpc"
245634,"conf/colt/2011"
245636,"conf/aistats/2010"
245638,"conf/aistats/2010"
245641,"conf/acml/2012"
245645,"conf/aistats/2012"
245649,"conf/aistats/2012"
245651,"conf/aistats/2010"
245653,"conf/aistats/2012"
245654,"conf/acml/2012"
245656,"conf/aistats/2010"
245658,"conf/colt/2012"
245663,"conf/aistats/2011"
245669,"conf/aistats/2011"
245672,"conf/aistats/2012"
245674,"conf/aistats/2012"
245675,"conf/aistats/2010"
245676,"conf/aistats/2012"
245677,"conf/aistats/2012"
245684,"conf/aistats/2010"
245695,"conf/pkdd/2008fsdm"
245706,"conf/colt/2011"
245715,"conf/aistats/2011"
245718,"conf/aistats/2007"
245720,"conf/icml/2010ltr"
245722,"conf/aistats/2011"
245723,"conf/kdd/2011kddcup"
245727,"conf/wapa/2011"
245728,"conf/aistats/2012"
245731,"conf/aistats/2009"
245732,"conf/aistats/2011"
245745,"conf/aistats/2010"
245747,"conf/aistats/2010"
245749,"conf/aistats/2010"
245752,"conf/aistats/2009"
245756,"conf/aistats/2012"
245759,"conf/colt/2012"
245765,"conf/aistats/2012"
245773,"conf/aistats/2012"
245774,"conf/acml/2010"
245775,"conf/aistats/2012"
245783,"conf/aistats/2007"
245784,"conf/aistats/2010"
245793,"conf/aistats/2007"
245799,"conf/colt/2011"
245806,"conf/aistats/2007"
245812,"conf/pakdd/2010fsdm"
245824,"conf/aistats/2012"
245825,"conf/aistats/2007"
245831,"conf/colt/2011"
245833,"conf/kdd/2009kddcup"
245845,"conf/colt/2012"
245858,"conf/aistats/2012"
245880,"conf/aistats/2010"
245886,"conf/acml/2012"
245889,"conf/aistats/2010"
245891,"conf/icml/2011utl"
245892,"conf/aistats/2007"
245908,"conf/wapa/2011"
245916,"conf/aistats/2010w"
245917,"conf/acml/2012"
245919,"conf/aistats/2009"
245921,"conf/aistats/2010"
245925,"conf/aistats/2010"
245959,"conf/aistats/2009"
245960,"conf/aistats/2012"
245961,"conf/wapa/2011"
245968,"conf/aistats/2012"
245970,"conf/aistats/2010"
245974,"conf/kdd/2011kddcup"
245975,"conf/aistats/2012"
245978,"conf/aistats/2007"
245984,"conf/colt/2011"
245990,"conf/aistats/2012"
245993,"conf/aistats/2012"
246004,"conf/aistats/2010"
246008,"conf/pakdd/2010fsdm"
246009,"conf/aistats/2011"
246011,"conf/wapa/2010"
246015,"conf/acml/2010"
246017,"conf/aistats/2007"
246022,"conf/aistats/2010w"
246024,"conf/aistats/2010"
246036,"conf/wapa/2010"
246042,"conf/aistats/2009"
246044,"journals/jmlr/2006gpp"
246049,"conf/aistats/2012"
246054,"conf/aistats/2010"
246056,"conf/aistats/2011"
246067,"conf/acml/2010"
246071,"conf/aistats/2009"
246078,"conf/wapa/2010"
246084,"conf/aistats/2012"
246086,"conf/aistats/2012"
246092,"conf/aistats/2007"
246093,"conf/aistats/2012"
246100,"conf/wapa/2010"
246102,"conf/aistats/2009"
246103,"conf/colt/2012"
246110,"conf/acml/2011"
246111,"conf/kdd/2011kddcup"
246113,"conf/aistats/2012"
246114,"conf/aistats/2012"
246118,"conf/aistats/2007"
246121,"conf/aistats/2010w"
246129,"conf/nips/2008coa"
246130,"conf/wapa/2010"
246131,"conf/aistats/2011"
246132,"conf/aistats/2012"
246133,"conf/aistats/2011"
246139,"conf/aistats/2009"
246141,"conf/icml/2011utl"
246143,"conf/aistats/2011"
246144,"conf/aistats/2010w"
246145,"conf/aistats/2010"
246154,"conf/acml/2011"
246165,"conf/aistats/2012"
246170,"conf/acml/2010"
246179,"conf/colt/2011"
246181,"conf/acml/2012"
246185,"conf/aistats/2012"
246193,"conf/aistats/2009"
246194,"conf/aistats/2010"
246200,"conf/aistats/2012"
246201,"conf/aistats/2010"
246203,"conf/aistats/2009"
246204,"conf/aistats/2010"
246205,"conf/aistats/2010"
246211,"conf/aistats/2010"
246212,"conf/aistats/2007"
246215,"conf/kdd/2009kddcup"
246223,"conf/aistats/2010"
246227,"conf/wcci/2008cpc"
246231,"conf/aistats/2011"
246234,"conf/colt/2011"
246237,"conf/aistats/2007"
246241,"conf/aistats/2009"
246242,"conf/aistats/2012"
246246,"conf/aistats/2011"
246257,"conf/acml/2010"
246259,"conf/kdd/2009kddcup"
246266,"conf/aistats/2012"
246269,"conf/acml/2010"
246273,"conf/colt/2012"
246278,"conf/colt/2011"
246283,"conf/mlsb/2009"
246293,"conf/aistats/2007"
246296,"conf/pkdd/2008fsdm"
246298,"conf/acml/2012"
246299,"conf/colt/2012"
246301,"conf/acml/2010"
246302,"conf/aistats/2012"
246303,"conf/aistats/2012"
246305,"conf/icml/2011utl"
246309,"conf/aistats/2010"
246320,"conf/aistats/2011"
246321,"conf/aistats/2011"
246322,"conf/aistats/2012"
246323,"conf/aistats/2009"
246324,"conf/mlsb/2009"
246328,"conf/acml/2012"
246330,"conf/icml/2011otee"
246335,"conf/aistats/2012"
246338,"conf/aistats/2009"
246340,"conf/kdd/2009kddcup"
246341,"conf/aistats/2012"
246343,"conf/acml/2011"
246354,"conf/icgi/2012"
246358,"conf/colt/2012"
246359,"conf/kdd/2009kddcup"
246363,"journals/jmlr/2006gpp"
246366,"conf/aistats/2010"
246371,"conf/wapa/2010"
246374,"conf/aistats/2011"
246376,"conf/aistats/2007"
246377,"conf/aistats/2011"
246378,"conf/kdd/2011kddcup"
246379,"conf/aistats/2012"
246380,"conf/aistats/2011"
246381,"conf/aistats/2011"
246388,"conf/aistats/2007"
246394,"conf/aistats/2012"
246399,"conf/colt/2012"
246413,"conf/aistats/2012"
246415,"conf/aistats/2010"
246416,"conf/nips/2008coa"
246423,"conf/aistats/2010"
246424,"conf/aistats/2010"
246426,"conf/pkdd/2008fsdm"
246428,"conf/acml/2010"
246430,"conf/acml/2010"
246431,"conf/nips/2008coa"
246432,"conf/aistats/2009"
246439,"conf/aistats/2012"
246440,"conf/aistats/2010"
246442,"conf/aistats/2007"
246446,"conf/icml/2010ltr"
246466,"conf/colt/2012"
246467,"conf/aistats/2010"
246473,"conf/aistats/2012"
246474,"conf/icgi/2012"
246480,"conf/aistats/2009"
246482,"conf/colt/2011"
246484,"conf/aistats/2007"
246486,"conf/colt/2012"
246491,"conf/aistats/2010w"
246492,"conf/aistats/2012"
246499,"conf/aistats/2012"
246502,"conf/aistats/2011"
246507,"conf/aistats/2007"
246509,"conf/aistats/2009"
246510,"conf/aistats/2012"
246515,"conf/aistats/2012"
246518,"conf/aistats/2009"
246524,"conf/aistats/2007"
246526,"conf/mlsb/2009"
246530,"conf/aistats/2012"
246533,"conf/colt/2012"
246540,"conf/aistats/2007"
246547,"conf/colt/2012"
246549,"conf/aistats/2010"
246552,"conf/aistats/2007"
246563,"conf/aistats/2010"
246565,"conf/acml/2012"
246582,"conf/pakdd/2010fsdm"
246587,"conf/kdd/2009kddcup"
246590,"conf/aistats/2011"
246596,"conf/aistats/2010"
246601,"conf/icgi/2012"
246607,"conf/aistats/2009"
246610,"conf/acml/2011"
246612,"conf/aistats/2011"
246614,"conf/colt/2011"
246616,"conf/aistats/2011"
246618,"conf/aistats/2007"
246619,"conf/aistats/2009"
246625,"conf/aistats/2007"
246630,"conf/aistats/2010"
246632,"conf/colt/2012"
246637,"conf/aistats/2011"
246643,"conf/aistats/2009"
246644,"conf/aistats/2012"
246649,"conf/aistats/2007"
246657,"conf/aistats/2007"
246659,"conf/aistats/2009"
246665,"conf/colt/2012"
246668,"conf/aistats/2010"
246670,"conf/kdd/2011kddcup"
246671,"conf/icml/2011utl"
246672,"conf/aistats/2012"
246676,"conf/aistats/2011"
246677,"conf/aistats/2007"
246678,"conf/acml/2012"
246687,"conf/aistats/2011"
246691,"conf/acml/2012"
246693,"conf/aistats/2012"
246694,"conf/aistats/2007"
246699,"conf/aistats/2010"
246708,"conf/acml/2010"
246710,"conf/aistats/2007"
246711,"conf/aistats/2012"
246713,"conf/aistats/2012"
246721,"conf/acml/2012"
246722,"conf/aistats/2009"
246723,"conf/icml/2011otee"
246724,"conf/icml/2011otee"
246729,"conf/aistats/2012"
246734,"conf/aistats/2012"
246740,"conf/aistats/2011"
246741,"conf/colt/2011"
246743,"conf/pakdd/2010fsdm"
246745,"conf/aistats/2009"
246755,"conf/aistats/2011"
246770,"conf/icml/2010ltr"
246781,"conf/icgi/2012"
246782,"conf/aistats/2010"
246783,"conf/pakdd/2010fsdm"
246787,"conf/colt/2012"
246789,"conf/aistats/2007"
246797,"conf/aistats/2012"
246804,"conf/aistats/2009"
246819,"conf/aistats/2009"
246822,"conf/aistats/2012"
246824,"conf/colt/2012"
246837,"conf/aistats/2011"
246838,"conf/aistats/2012"
246840,"conf/acml/2012"
246841,"conf/nips/2008coa"
246842,"conf/nips/2008coa"
246843,"conf/colt/2012"
246847,"conf/aistats/2010"
246848,"conf/aistats/2010"
246856,"conf/aistats/2010"
246858,"conf/aistats/2007"
246859,"conf/wapa/2010"
246860,"conf/wapa/2010"
246870,"conf/aistats/2010"
246873,"conf/colt/2012"
246874,"conf/wapa/2011"
246875,"journals/jmlr/2006gpp"
246876,"conf/kdd/2011kddcup"
246882,"conf/aistats/2007"
246890,"conf/aistats/2009"
246896,"conf/nips/2008coa"
246899,"conf/aistats/2012"
246904,"conf/icgi/2012"
246911,"conf/colt/2012"
246912,"conf/aistats/2010"
246918,"conf/aistats/2012"
246919,"conf/aistats/2012"
246925,"conf/nips/2008coa"
246926,"conf/colt/2012"
246936,"conf/aistats/2010"
246941,"conf/aistats/2011"
246943,"conf/aistats/2012"
246945,"conf/acml/2010"
246947,"conf/acml/2011"
246949,"conf/aistats/2011"
246950,"conf/acml/2011"
246951,"conf/aistats/2009"
246953,"conf/aistats/2010w"
246972,"conf/acml/2012"
246979,"conf/aistats/2007"
246986,"conf/aistats/2009"
246988,"conf/acml/2011"
246989,"conf/aistats/2011"
246990,"conf/aistats/2010"
246992,"conf/aistats/2010"
246993,"conf/acml/2012"
246994,"conf/aistats/2007"
246997,"conf/aistats/2009"
247000,"conf/wcci/2008cpc"
247003,"conf/acml/2010"
247009,"conf/colt/2011"
247014,"conf/aistats/2010"
247019,"conf/icgi/2012"
247020,"conf/acml/2010"
247027,"conf/aistats/2012"
247028,"conf/wcci/2008cpc"
247034,"conf/aistats/2009"
247041,"conf/icgi/2012"
247046,"conf/aistats/2010"
247047,"conf/aistats/2007"
247053,"conf/aistats/2011"
247056,"conf/nips/2008coa"
247067,"conf/kdd/2011kddcup"
247068,"conf/aistats/2009"
247081,"conf/aistats/2011"
247085,"conf/nips/2008coa"
247089,"conf/acml/2012"
247099,"conf/aistats/2011"
247102,"conf/aistats/2012"
247103,"conf/acml/2010"
247105,"conf/icml/2010ltr"
247108,"conf/aistats/2010"
247112,"conf/aistats/2012"
247121,"conf/aistats/2012"
247139,"conf/aistats/2012"
247142,"conf/pkdd/2008fsdm"
247143,"conf/aistats/2010"
247144,"conf/acml/2011"
247147,"conf/colt/2011"
247152,"conf/aistats/2012"
247153,"conf/mlsb/2009"
247159,"conf/aistats/2012"
247164,"conf/aistats/2011"
247168,"conf/wapa/2010"
247170,"conf/aistats/2011"
247173,"conf/icml/2011utl"
247175,"conf/aistats/2012"
247183,"conf/aistats/2009"
247184,"conf/aistats/2011"
247190,"conf/aistats/2007"
247205,"conf/icgi/2012"
247207,"conf/colt/2011"
247209,"conf/icml/2011otee"
247215,"conf/aistats/2012"
247218,"conf/wapa/2010"
247223,"conf/aistats/2012"
247225,"conf/aistats/2012"
247227,"conf/kdd/2011kddcup"
247234,"conf/aistats/2009"
247241,"conf/aistats/2010"
247242,"conf/aistats/2011"
247243,"conf/aistats/2012"
247250,"conf/wapa/2010"
247254,"conf/colt/2011"
247255,"conf/aistats/2012"
247259,"conf/aistats/2010"
247261,"conf/aistats/2011"
247265,"conf/aistats/2011"
247272,"conf/aistats/2007"
247279,"conf/aistats/2012"
247288,"conf/colt/2012"
247290,"conf/aistats/2012"
247296,"conf/aistats/2010"
247298,"conf/aistats/2009"
247306,"conf/aistats/2012"
247308,"conf/icgi/2012"
247319,"conf/aistats/2009"
247337,"conf/aistats/2012"
247339,"conf/aistats/2010"
247344,"conf/aistats/2011"
247347,"conf/icgi/2012"
247352,"conf/colt/2012"
247356,"conf/aistats/2012"
247358,"conf/aistats/2009"
247367,"conf/aistats/2010"
247369,"conf/wapa/2010"
247373,"conf/aistats/2012"
247376,"conf/acml/2010"
247378,"conf/acml/2011"
247379,"conf/colt/2012"
247382,"conf/aistats/2010"
247388,"journals/jmlr/2006gpp"
247397,"conf/aistats/2011"
247398,"conf/aistats/2009"
247402,"conf/aistats/2007"
247405,"conf/aistats/2010"
247408,"conf/aistats/2010"
247409,"conf/colt/2011"
247413,"conf/aistats/2007"
247416,"conf/colt/2012"
247420,"conf/aistats/2010"
247421,"conf/aistats/2010"
247423,"conf/aistats/2009"
247426,"conf/aistats/2012"
247431,"conf/aistats/2012"
247432,"conf/colt/2012"
247440,"conf/aistats/2010"
247455,"conf/pkdd/2008fsdm"
247458,"conf/aistats/2010"
247462,"conf/aistats/2011"
247465,"conf/aistats/2012"
247468,"conf/colt/2012"
247470,"conf/acml/2010"
247471,"conf/aistats/2011"
247474,"conf/icml/2011utl"
247485,"conf/acml/2012"
247486,"conf/colt/2012"
247490,"conf/pkdd/2008fsdm"
247491,"conf/nips/2008coa"
247493,"conf/acml/2010"
247494,"conf/aistats/2010"
247500,"conf/aistats/2010"
247503,"conf/colt/2011"
247508,"conf/aistats/2009"
247510,"conf/acml/2011"
247511,"conf/acml/2011"
247516,"conf/aistats/2007"
247517,"conf/aistats/2012"
247518,"conf/colt/2012"
247523,"conf/acml/2012"
247524,"conf/icml/2011utl"
247534,"conf/mlsb/2009"
247542,"conf/aistats/2011"
247543,"conf/colt/2012"
247547,"conf/aistats/2011"
247549,"conf/kdd/2009kddcup"
247571,"conf/pakdd/2010fsdm"
247580,"conf/aistats/2012"
247584,"conf/aistats/2010"
247590,"conf/aistats/2010"
247593,"conf/aistats/2010"
247595,"conf/aistats/2012"
247596,"conf/aistats/2012"
247598,"conf/aistats/2012"
247599,"conf/aistats/2010"
247605,"conf/aistats/2011"
247614,"conf/acml/2011"
247622,"conf/kdd/2011kddcup"
247623,"conf/aistats/2007"
247624,"conf/aistats/2011"
247628,"conf/aistats/2012"
247636,"conf/colt/2012"
247658,"conf/aistats/2009"
247659,"conf/aistats/2012"
247669,"conf/aistats/2010"
247672,"conf/wapa/2010"
247679,"conf/icml/2011otee"
247680,"conf/aistats/2012"
247685,"conf/colt/2011"
247698,"conf/aistats/2007"
247714,"conf/aistats/2012"
247715,"conf/colt/2012"
247719,"conf/aistats/2010"
247727,"conf/aistats/2007"
247730,"conf/aistats/2010"
247743,"conf/acml/2011"
247747,"conf/aistats/2011"
247748,"conf/aistats/2011"
247749,"conf/icgi/2012"
247750,"conf/aistats/2009"
247756,"conf/acml/2012"
247763,"conf/mlsb/2009"
247772,"conf/aistats/2010w"
247775,"conf/mlsb/2009"
247778,"conf/aistats/2011"
247779,"conf/colt/2011"
247783,"conf/icml/2010ltr"
247785,"conf/aistats/2011"
247787,"conf/aistats/2010"
247793,"conf/pkdd/2008fsdm"
247796,"conf/wcci/2008cpc"
247802,"conf/aistats/2010"
247805,"conf/aistats/2009"
247809,"conf/pkdd/2008fsdm"
247816,"conf/acml/2011"
247819,"conf/aistats/2009"
247829,"conf/aistats/2010"
247831,"conf/aistats/2011"
247832,"conf/aistats/2011"
247836,"conf/aistats/2012"
247837,"conf/aistats/2009"
247846,"conf/icml/2011utl"
247856,"conf/icgi/2012"
247857,"conf/icml/2011otee"
247864,"conf/acml/2010"
247865,"conf/nips/2009mscts"
247866,"conf/nips/2008coa"
247875,"conf/aistats/2012"
247876,"conf/acml/2012"
247878,"conf/colt/2011"
247881,"conf/icgi/2012"
247889,"conf/aistats/2012"
247904,"conf/aistats/2010"
247906,"conf/mlsb/2009"
247908,"conf/aistats/2009"
247909,"conf/aistats/2012"
247912,"conf/icgi/2012"
247918,"conf/icgi/2012"
247924,"conf/aistats/2010"
247926,"conf/aistats/2009"
247941,"conf/aistats/2007"
247952,"conf/acml/2010"
247953,"conf/aistats/2007"
247954,"conf/aistats/2007"
247956,"conf/aistats/2009"
247959,"conf/acml/2012"
247967,"conf/aistats/2012"
247969,"conf/acml/2012"
247970,"conf/acml/2012"
247972,"conf/aistats/2012"
247975,"conf/aistats/2007"
247976,"conf/aistats/2011"
247977,"conf/colt/2011"
247979,"conf/aistats/2007"
247981,"conf/aistats/2009"
247983,"conf/aistats/2012"
247984,"conf/aistats/2007"
247986,"conf/aistats/2010"
247992,"conf/aistats/2012"
247993,"conf/aistats/2012"
247997,"conf/pakdd/2010fsdm"
247998,"conf/acml/2012"
248000,"conf/pkdd/2008fsdm"
248004,"conf/acml/2012"
248018,"conf/aistats/2012"
248025,"conf/icgi/2012"
248028,"conf/aistats/2010w"
248029,"conf/acml/2011"
248035,"conf/colt/2011"
248047,"conf/aistats/2012"
248048,"conf/colt/2012"
248049,"conf/acml/2012"
248050,"conf/aistats/2007"
248051,"conf/colt/2011"
248056,"conf/aistats/2010"
248065,"conf/aistats/2007"
248068,"conf/aistats/2012"
248069,"conf/aistats/2009"
248070,"conf/wapa/2010"
248075,"conf/kdd/2011kddcup"
248084,"conf/aistats/2011"
248085,"conf/aistats/2009"
248093,"conf/aistats/2012"
248097,"conf/aistats/2011"
248099,"conf/aistats/2012"
248116,"conf/aistats/2011"
248117,"conf/aistats/2009"
248121,"conf/aistats/2007"
248123,"conf/wapa/2010"
248124,"conf/aistats/2012"
248147,"conf/aistats/2009"
248153,"conf/aistats/2011"
248156,"conf/aistats/2010"
248160,"conf/aistats/2009"
248162,"conf/aistats/2011"
248165,"conf/aistats/2012"
248175,"conf/wapa/2011"
248180,"conf/aistats/2012"
248186,"conf/wapa/2010"
248194,"conf/aistats/2010"
248195,"conf/pkdd/2008fsdm"
248202,"conf/aistats/2009"
248208,"conf/aistats/2010"
248209,"conf/aistats/2010"
248210,"conf/aistats/2007"
248211,"conf/aistats/2012"
248215,"conf/colt/2012"
248217,"conf/aistats/2010"
248225,"conf/pakdd/2010fsdm"
248228,"conf/icml/2011utl"
248229,"conf/icgi/2012"
248238,"conf/icml/2011utl"
248240,"conf/aistats/2010"
248242,"conf/colt/2012"
248250,"conf/aistats/2007"
248251,"conf/aistats/2007"
248253,"conf/aistats/2011"
248266,"conf/wcci/2008cpc"
248286,"conf/colt/2012"
248287,"conf/aistats/2012"
248291,"conf/nips/2008coa"
248300,"conf/colt/2011"
248306,"conf/aistats/2010"
248308,"conf/wcci/2008cpc"
248322,"conf/aistats/2007"
248325,"conf/wapa/2011"
248331,"conf/aistats/2011"
248334,"conf/aistats/2011"
248335,"conf/aistats/2012"
248336,"conf/acml/2012"
248339,"conf/colt/2012"
248345,"conf/aistats/2007"
248352,"conf/acml/2010"
248364,"conf/aistats/2007"
248384,"conf/aistats/2012"
248385,"conf/colt/2011"
248391,"conf/aistats/2011"
248395,"conf/aistats/2010"
248398,"conf/aistats/2011"
248403,"conf/aistats/2009"
248406,"conf/wapa/2010"
248408,"conf/aistats/2012"
248409,"conf/aistats/2010"
248415,"conf/pakdd/2010fsdm"
248416,"conf/aistats/2009"
248419,"conf/acml/2011"
248420,"conf/aistats/2011"
248423,"conf/kdd/2009kddcup"
248426,"conf/aistats/2012"
248434,"conf/aistats/2010"
248439,"conf/aistats/2007"
248441,"conf/nips/2009mscts"
248442,"conf/acml/2012"
248448,"conf/aistats/2010"
248451,"conf/aistats/2009"
248454,"conf/wapa/2010"
248455,"conf/icml/2011utl"
248462,"conf/pakdd/2010fsdm"
248467,"conf/aistats/2012"
248474,"conf/acml/2011"
248476,"conf/aistats/2011"
248477,"conf/aistats/2007"
248484,"conf/icml/2011utl"
248489,"conf/aistats/2012"
248491,"conf/kdd/2011kddcup"
248500,"conf/aistats/2011"
248510,"conf/wapa/2010"
248513,"conf/aistats/2009"
248514,"conf/aistats/2011"
248518,"conf/colt/2012"
248520,"conf/kdd/2011kddcup"
248522,"conf/acml/2012"
248530,"conf/aistats/2012"
248532,"conf/colt/2011"
248534,"conf/aistats/2012"
248535,"conf/aistats/2009"
248536,"conf/aistats/2007"
248540,"conf/aistats/2009"
248544,"conf/colt/2011"
248545,"conf/aistats/2011"
248547,"conf/aistats/2010"
248549,"conf/nips/2008coa"
248551,"conf/aistats/2011"
248555,"conf/aistats/2009"
248561,"conf/aistats/2009"
248576,"conf/colt/2011"
248577,"conf/wapa/2011"
248579,"conf/aistats/2009"
248581,"conf/aistats/2011"
248583,"conf/aistats/2007"
248587,"conf/aistats/2010"
248591,"conf/icml/2011utl"
248595,"conf/acml/2012"
248600,"conf/aistats/2009"
248601,"conf/icml/2010ltr"
248606,"conf/nips/2009mscts"
248607,"conf/aistats/2010"
248610,"conf/nips/2008coa"
248613,"conf/aistats/2011"
248615,"conf/aistats/2011"
248621,"conf/aistats/2007"
248624,"conf/aistats/2007"
248628,"conf/aistats/2011"
248642,"conf/aistats/2010w"
248650,"journals/jmlr/2006gpp"
248666,"conf/aistats/2012"
248673,"conf/acml/2011"
248674,"conf/aistats/2010"
248677,"conf/aistats/2010"
248681,"conf/aistats/2010"
248700,"conf/pkdd/2008fsdm"
248703,"conf/icgi/2012"
248704,"conf/icml/2011utl"
248705,"conf/mlsb/2009"
248709,"conf/icml/2011otee"
248713,"conf/icgi/2012"
248721,"conf/aistats/2009"
248722,"conf/acml/2012"
248730,"conf/aistats/2010"
248732,"conf/aistats/2011"
248741,"conf/acml/2012"
248748,"conf/icgi/2012"
248749,"conf/aistats/2009"
248751,"conf/acml/2011"
248754,"conf/icml/2011utl"
248757,"conf/aistats/2009"
248760,"conf/aistats/2010"
248761,"conf/aistats/2010"
248763,"conf/aistats/2011"
248765,"conf/aistats/2009"
248768,"conf/colt/2012"
248773,"conf/aistats/2012"
